name,gender,birthday,entrance,graduation,location,company,job,phone,email,wechat,
MaQiang,female,19980516,2016,2019,shanghai,tencent,designer,15540174039,jz2l@outlook.com,emcph4w2b5,
PingYuxin,female,19980828,2015,2011,nanjing,apple,engineer,15573661526,odtjce@163.com,bf00zbxymssj,
LvZeyu,female,19971202,2017,2019,qingdao,douyin,manager,15183532025,7affz@msn.com,fcael938nuy4,
PangXiu,male,19980903,2015,2018,shanghai,alibaba,manager,15007939906,u1hh5@gmail.com,ffo2d6lr,
LvTianyu,male,19970925,2016,2018,beijing,douyin,officer,13943932493,exbex4r@hotmail.com,42mpjxz8l15,
YingTianyu,male,19970123,2015,2018,guangzhou,google,officer,13028032569,c42o1az@hotmail.com,j7etwa8d6jk,
YangYuzhe,male,19970509,2016,2018,shanghai,apple,manager,15334645459,ao32@sohu.com,kpj618244,
GuXiaoyi,female,19970202,2015,2019,fuzhou,microsoft,engineer,13762318640,rxp@yahoo.com,afrywioj,
LinYuhan,female,19971023,2015,2019,hongkong,apple,officer,13865179717,o3d@qq.com,0xrpxcqlkn,
WuXiaoyi,male,19970217,2017,2018,xiamen,meituan,designer,15814518990,mbga6lo@yahoo.com,b15ptwn00y3,
ZhouTianyu,male,19980809,2016,2019,hangzhou,meituan,engineer,13690692110,s49c@sina.com,zx7yag9jck,
PangYuxin,female,19980314,2016,2018,guangzhou,microsoft,editor,13594368736,4sgfa@hotmail.com,840jgvwqjz,
HanKexin,female,19980528,2017,2011,xiamen,apple,anaylst,15698573193,ft1ljxw@hotmail.com,95smg89m8znh,
QinHaoyu,male,19980509,2015,2019,nanchang,alibaba,manager,13775484037,hkzz@ask.com,es8yru6l,
ZhuYuhan,female,19980215,2015,2018,taiyuan,adobe,anaylst,15276357627,6o1als@ask.com,lhdr9kdg,
YuLei,male,19980221,2017,2018,taiyuan,tencent,trader,13516534691,m4jg3@live.com,wgbyacaueu6,
ZhuBao,male,19970727,2016,2018,taiyuan,tencent,editor,15013837565,ma3ow1g@hotmail.com,agv2xbfm,
ZhugeKexin,male,19980113,2015,2011,beijing,baidu,editor,15062553620,sd9@qq.com,z1uhs51mf,
PingRanran,female,19971009,2015,2018,taiyuan,douyin,officer,15138406763,jvcy@msn.com,e4ipndvf,
MaoHaoyu,female,19970504,2017,2018,nanjing,douyin,designer,15974394981,yig@live.com,how746qbc,
HuaYuchen,female,19970609,2017,2011,taiyuan,tencent,engineer,13336921412,rn2a@outlook.com,1psdicw0u47,
CaoShuxia,male,19980825,2017,2019,taiyuan,tencent,manager,15082536067,lj3r@sohu.com,uds7gzb6ux,
HanYi,female,19980418,2016,2019,hangzhou,microsoft,manager,13323525505,la5@qq.com,98jkx2w22j,
ZhaoYuchen,female,19981027,2017,2011,xiamen,alibaba,anaylst,13184927021,sabsj4@qq.com,7dzi8zrsvtf,
MaXiaofeng,male,19980225,2016,2018,shanghai,meituan,developer,13836076768,314sr@hotmail.com,4obonbary,
LvYuze,male,19970821,2016,2018,hangzhou,baidu,designer,15090564025,rzv@hotmail.com,ijkbirgoi7,
XuHaoran,female,19981003,2015,2011,xiamen,microsoft,trader,13663820051,wxwb4@163.com,0wkd13pjh,
ZhenghongYuhan,female,19980115,2015,2011,qingdao,adobe,engineer,13917853471,amoq@163.com,mvpqittmu6x,
ChengYi,female,19980627,2015,2018,beijing,tencent,editor,15032429053,mr7jqke@hotmail.com,8zc09twmp6vg,
MaLin,male,19981216,2015,2018,qingdao,adobe,engineer,15727648785,hjy9@ask.com,73174sw7,
FengXiaotong,male,19970902,2015,2019,shijiazhuang,apple,trader,13635527850,fbco23@hotmail.com,4nnfyj6ej,
LinShiqi,male,19981212,2016,2019,hangzhou,adobe,trader,13810451051,zvnot@126.net,zv7l653nz8j,
PangZichen,female,19981026,2017,2011,qingdao,douyin,engineer,13415629075,2pn7gec@gmail.com,gtl87kwmme,
ZhengLei,male,19980608,2017,2018,hongkong,google,trader,15233962793,2p0gjz@live.com,k6addvnzj2,
ZhenghongXiaotong,female,19980406,2015,2011,beijing,douyin,officer,13637374168,ol6ek@163.com,rfs34dls,
ShenYuxuan,female,19970223,2015,2018,beijing,alibaba,officer,15244741679,hif7@163.com,9vg2ahn5,
BaoYuze,male,19971004,2016,2011,shijiazhuang,google,trader,15384627591,pnay@live.com,aj5mq8fwo,
PangYutong,male,19970302,2015,2011,nanjing,baidu,engineer,13672166535,9ew@ask.com,pmif4m1fuh,
HanXiaoming,male,19970310,2015,2019,zhengzhou,meituan,engineer,13502290825,11vo@ask.com,n499b9zyg,
LinBao,female,19980206,2016,2018,shanghai,alibaba,engineer,13059813514,cfum21q@126.net,nnczg5tbg7m,
GaoYuxin,female,19980706,2016,2011,nanjing,adobe,officer,13653732589,ievznx9@hotmail.com,zlgb16al0,
SunHaoran,male,19980308,2016,2011,zhengzhou,alibaba,anaylst,15342762202,ljm@163.com,mcpaxssa,
QinXuan,male,19970628,2017,2011,shanghai,xdf,developer,13124512356,pj5@qq.com,d3yb4uva,
WangLiang,female,19980310,2015,2018,guangzhou,meituan,trader,13799122315,db1t4@hotmail.com,svlpvhgpn,
XiahouYuxin,male,19980213,2015,2019,hongkong,meituan,anaylst,15755110550,s7wau@hotmail.com,8ow2j1rau7,
GuYuxuan,male,19980521,2015,2011,shanghai,douyin,anaylst,15777029680,mru2cv@sohu.com,r3tiqjfibb,
PingYinuo,male,19980519,2017,2018,shijiazhuang,microsoft,officer,13334852435,efqbf@outlook.com,0ucs1r37a,
PingXinyi,male,19980119,2016,2011,hangzhou,baidu,anaylst,13874936668,qvam2k@ask.com,9u8qjfoljqv0,
SunLin,male,19970907,2017,2019,hongkong,alibaba,officer,13667346149,yc9ur@live.com,y7ex7fmsdc,
ZhouYuhan,female,19980819,2017,2018,shanghai,microsoft,engineer,13996724262,8cw3q@yahoo.com,di7e9uet1l,
ZhugeXiaoyi,female,19980902,2015,2019,hangzhou,meituan,designer,13495382981,zya@aol.com,a4235baufqi,
ZhengRanran,male,19970111,2016,2011,hangzhou,adobe,manager,15099714227,a81ai@outlook.com,zuasb02466,
ChengZichen,male,19970426,2015,2018,shijiazhuang,adobe,developer,15540435525,6r14vp@ask.com,xpn0xgq3el,
YingXinran,female,19980117,2015,2019,beijing,google,manager,13914684948,d7qcw@aol.com,2cywx9yq,
ZhouRui,female,19970103,2016,2019,xiamen,alibaba,anaylst,15729222493,unaj@aol.com,88ao402qo,
ChenKexin,female,19970227,2017,2011,xiamen,microsoft,engineer,13186475061,m36rk63@outlook.com,jyo7nrxzppcr,
QianYuxin,female,19980208,2016,2011,qingdao,apple,trader,13139351589,6noo5sb@163.com,d2kde55ystbd,
SunRanran,female,19981106,2017,2018,nanjing,microsoft,manager,15876792942,hxpg@qq.com,4trmkxvi8,
JiangXingchen,female,19980315,2015,2018,fuzhou,tencent,editor,15612012803,34xt5jg@163.com,uzyih4l9v2y,
PingXiaotong,male,19980611,2017,2018,shanghai,xdf,editor,13618737587,oukru@gmail.com,z46873xqxny,
DengXiu,male,19980112,2015,2011,nanjing,adobe,developer,15562186900,iegbej@gmail.com,ey0f4t4quh,
WuTianyu,male,19980216,2017,2018,xiamen,microsoft,engineer,15038219365,mmzi37x@hotmail.com,ffetbxpq,
ZhouXiaoyi,female,19970928,2016,2011,xiamen,microsoft,designer,15504271007,kmm7kas@qq.com,cw1qqjl6d0,
LinHaoran,female,19971226,2016,2011,hangzhou,adobe,engineer,15128885409,jap@yahoo.com,6tf2hh27zi,
GuYi,male,19971216,2015,2011,guangzhou,alibaba,designer,15589856207,lhdooj@sina.com,4aq8h10d2,
ZhugeHaishan,female,19970802,2016,2011,fuzhou,adobe,officer,13138199666,z80r@aol.com,y6l9k886jlr,
PangZimo,male,19970919,2015,2018,qingdao,microsoft,manager,15961102370,woerba8@aol.com,fv6n6nsn3dv,
GuiRui,male,19971101,2017,2011,nanchang,adobe,editor,13289948055,uwu5un6@163.com,9fvyxvnbk,
QianYuchen,male,19970406,2015,2019,nanchang,douyin,editor,15940902115,29u@hotmail.com,91bynjdyji,
YuLin,female,19981210,2015,2011,xiamen,google,editor,15161318153,ho4nrqe@hotmail.com,ivnxypq6cd4,
DengXiaohua,male,19980407,2015,2011,nanjing,apple,developer,13434544388,qlc8y38@sohu.com,pjpe3yorw,
QuanHaoran,female,19970403,2017,2011,guangzhou,tencent,editor,13310734087,a6ryc@live.com,19sgupu1,
WuDawei,female,19970112,2017,2019,hangzhou,tencent,designer,15204993797,4gb@outlook.com,yfpl7vn0,
SunShiqi,male,19970520,2016,2011,nanjing,google,engineer,13250003791,kfdr5@sina.com,lxiydnbr,
SunXuan,male,19981210,2016,2011,qingdao,meituan,anaylst,13096062694,hkp95ld@msn.com,a030mwxidnm,
GaoHui,female,19971117,2017,2018,xiamen,tencent,officer,13442841375,sjn6@msn.com,fxq38tnpi,
ZhengYinuo,female,19970226,2017,2018,nanjing,meituan,trader,15970899552,8dq@163.com,yhurkjg8in,
YuRui,female,19970305,2015,2018,zhengzhou,baidu,developer,15001326967,b4q@hotmail.com,7x9pscdbn,
HuaLiang,male,19980621,2017,2018,hangzhou,adobe,engineer,13444693557,en76q@qq.com,dbeij8bctz,
ZhaoShuxia,male,19980315,2016,2018,zhengzhou,xdf,trader,15709475032,zqd@sohu.com,f096t8dcrc6,
LinXiaofeng,female,19970924,2015,2019,nanjing,google,officer,13246557664,czt@gmail.com,9fyil0b7,
GuLiyao,male,19981213,2016,2019,hangzhou,baidu,officer,13268305346,fejn7o@yahoo.com,nissnyjxkwmr,
GuiLin,male,19971105,2016,2011,shijiazhuang,douyin,anaylst,15555538127,jzvb2t@live.com,5tm1ax23,
JiangXiu,female,19980926,2015,2019,fuzhou,douyin,officer,13881941640,dkao4f@ask.com,62pauluw3h,
LuXiaoming,female,19981003,2017,2011,taiyuan,tencent,officer,15662612452,omppp@msn.com,5t1fon195eo0,
ZhaoYun,male,19980309,2017,2019,hangzhou,microsoft,engineer,13187641437,2wopp0@live.com,9xso7x2fn,
LiuHui,male,19970508,2016,2011,xiamen,apple,editor,13072103692,qnh@qq.com,ofutmb1rkz,
ZhenghongYichen,male,19970625,2017,2019,nanjing,google,manager,13741218747,stjb9@163.com,a3bixnwl,
LvYuxuan,male,19970402,2016,2011,shanghai,tencent,manager,15011552937,k1syhl@163.com,14yspnw1w,
ShenTianyu,female,19970414,2016,2019,nanchang,tencent,editor,15972885250,x2ba@outlook.com,uey74k99llf9,
YuYuhan,male,19980418,2017,2011,qingdao,baidu,officer,15034797264,iz6nhd@sohu.com,qbwd1nj0,
FengYinuo,female,19970908,2015,2011,beijing,meituan,engineer,13765462724,gc9@gmail.com,71yzkztzm,
XuQiang,female,19970304,2017,2019,zhengzhou,apple,designer,15293350821,snhgs90@gmail.com,70u7hmuf,
MengJuan,female,19970108,2015,2018,qingdao,xdf,anaylst,15376161042,vlf@sina.com,kedswvkvvxn,
ZhenghongZichen,female,19970324,2015,2011,guangzhou,tencent,trader,15111460068,qeu0@gmail.com,5sl49ugr98,
ZhengDawei,female,19970126,2016,2011,qingdao,douyin,officer,15614414377,vh32x@msn.com,09ph32xuoeo,
BaoXuan,female,19980602,2017,2011,taiyuan,xdf,manager,13237267172,e2fptau@live.com,zt0rjzpm,
ZhaoYue,male,19970103,2016,2019,beijing,alibaba,anaylst,13713636964,q6a7z@outlook.com,qbve3ps0b,
BaoXinyi,female,19980614,2016,2018,shijiazhuang,xdf,engineer,13481834009,1jd@ask.com,q4yxl882mj,
ShenZirui,male,19981110,2017,2019,hangzhou,alibaba,officer,15989327679,bv6@yahoo.com,fgksixucpnuh,
WuYuxuan,female,19980924,2017,2019,nanchang,microsoft,anaylst,13573435236,gzqf6@sohu.com,gns4knhv,
ZhuQiang,female,19970818,2015,2019,shijiazhuang,google,engineer,15313595943,tru4evb@gmail.com,e2ba8kqqw8,
QianBao,female,19980328,2015,2011,shanghai,adobe,developer,15693120655,jbj700@gmail.com,pkyckw1qm,
GuiXiaofeng,male,19970513,2017,2011,fuzhou,meituan,trader,15583434006,49eq1f6@sohu.com,ogqq5avyyz,
LinYuze,female,19970227,2015,2019,xiamen,apple,editor,13272666893,6gu@gmail.com,vk9j6cznkh,
WuYinuo,female,19971222,2016,2019,hongkong,xdf,anaylst,13358345526,5pux@sohu.com,ag2psijy,
GuiQiang,female,19970304,2016,2011,shijiazhuang,douyin,anaylst,15966064760,g9xgkj@msn.com,n2wnewp91px,
LiYouran,male,19981201,2016,2011,zhengzhou,adobe,developer,13331411067,puba@hotmail.com,tg92pt6oob90,
ChenXinyi,male,19980822,2017,2018,shanghai,douyin,designer,15268560880,eh4ks@qq.com,1gqg0ivqfsa,
JiangZirui,female,19971009,2017,2018,guangzhou,microsoft,anaylst,15540901787,1w9eavw@126.net,5ewssya8,
ZhengLin,male,19980114,2015,2019,beijing,microsoft,developer,13420597707,z9l5@live.com,7e0wt2aqn0xf,
NiuYuxin,female,19970914,2015,2011,beijing,google,engineer,13516915375,4q8u@aol.com,e6xd6hph,
ZhouXingchen,female,19981010,2015,2019,shijiazhuang,xdf,engineer,13863050716,utigbza@aol.com,rj28bf0rwq4,
ZhugeXingchen,male,19971003,2017,2019,guangzhou,meituan,trader,13335585169,ehi3h@msn.com,algp14vsfjt,
WangBao,male,19980616,2015,2019,taiyuan,baidu,officer,15256150435,cq80c@sina.com,h91o4gap,
BaoYi,male,19970320,2015,2011,qingdao,microsoft,trader,15163189065,jvooerb@gmail.com,p8dogvy3,
LiuHua,female,19980409,2016,2011,zhengzhou,microsoft,manager,15273476049,27o@qq.com,4ez4czujak,
SunYichen,male,19980501,2017,2019,shijiazhuang,apple,developer,13050977315,jz1ff@outlook.com,2p813d71,
FengYuxuan,female,19980525,2016,2018,fuzhou,google,officer,15576455488,ffy6@sohu.com,98uasbhgxa,
ChenShuxia,female,19980105,2015,2011,beijing,tencent,developer,13190720854,9h92@outlook.com,qcccbk0e5k,
MaoYuhan,female,19980503,2015,2018,zhengzhou,apple,engineer,15011451909,j6jyhj@aol.com,7x547ioj2e,
MengShiqi,male,19981122,2017,2018,shijiazhuang,apple,trader,15989225478,vnq0ya4@126.net,0vgjzt6fh59,
XuRanran,male,19980305,2015,2011,beijing,microsoft,developer,13187634978,xrwbml@126.net,k7xem1mzg2o,
GaoYichen,female,19970228,2015,2018,nanjing,meituan,developer,15149492262,7c47@yahoo.com,fiwz91id,
FengRui,male,19971211,2017,2019,xiamen,douyin,anaylst,15943336042,64gg@outlook.com,opn0ge6gnh,
ZhouBao,female,19970518,2016,2011,hangzhou,adobe,developer,13755688588,8jrg9m@live.com,nzr5kh6pjc,
LiQiang,female,19980719,2015,2019,shanghai,alibaba,designer,13042772113,6qz@sina.com,7zd36ozwp,
PangYichen,female,19980209,2015,2019,hangzhou,douyin,trader,15549909482,tb0r1@yahoo.com,hn8y5fj3,
FengLin,female,19971117,2016,2019,beijing,tencent,trader,13735060155,1iz@126.net,mao5unf9zl45,
QuanZimo,male,19980306,2017,2018,shijiazhuang,tencent,anaylst,15511859263,qiuc@msn.com,e47f1xzmgza,
JiangYuxuan,female,19970906,2015,2011,nanchang,apple,editor,15888121372,6t9jqmu@msn.com,b3wfuy40fa9,
MaYutong,female,19970909,2017,2018,beijing,xdf,trader,13293161498,cwr6rz@outlook.com,ecfpvmyck0,
ChengYinuo,female,19980212,2016,2018,zhengzhou,douyin,developer,15621059048,k0ik5d0@ask.com,p5inuzy2tm,
FengHaishan,female,19980228,2016,2019,zhengzhou,apple,engineer,13594184506,rtc@qq.com,qigbi16k,
ZhenghongHaoyu,female,19971001,2016,2011,shijiazhuang,meituan,officer,15694002209,aaal6e@msn.com,pxphc4pui2,
GuiYouran,female,19980826,2016,2011,shanghai,douyin,designer,13025121834,8k3o2iz@live.com,97bwppl64,
QinRanran,female,19980223,2016,2018,xiamen,adobe,engineer,15317561896,rum6s@yahoo.com,lh5qn6db,
BaoYuxin,male,19981218,2017,2011,beijing,meituan,anaylst,13664127232,a434iif@qq.com,qhpnxcv0pr3p,
JiangTianyu,male,19971126,2015,2011,zhengzhou,meituan,manager,15162100812,ahw2qs@aol.com,js3lbrtl6jcs,
QinYing,female,19970222,2017,2019,qingdao,tencent,trader,13360307118,8y4ln4@sina.com,wry7rpnaml2f,
HuaLiyao,male,19980419,2015,2011,shijiazhuang,apple,manager,15623160751,gsei@qq.com,67nug6b5fgwb,
LiRanran,female,19980814,2017,2011,qingdao,google,anaylst,15139651096,bnxt@163.com,ktuvxcym,
JiangXiaotong,female,19980220,2016,2011,nanchang,microsoft,officer,13442875841,83pj8@hotmail.com,ghc10emf,
ChengJuan,male,19970112,2015,2011,shijiazhuang,xdf,developer,13329437515,ixuc@sina.com,uu96lb40jor8,
GuLiang,female,19970804,2015,2011,hongkong,tencent,developer,13114019972,6yc@sohu.com,g9ae4tox,
GaoXinran,female,19980615,2015,2018,fuzhou,apple,engineer,15791557322,r48@hotmail.com,kugw4vxn,
AiYichen,male,19970827,2015,2018,taiyuan,meituan,editor,13457739007,s028ff@msn.com,ys9yaoigawsh,
CaoRanran,male,19970526,2016,2019,beijing,microsoft,anaylst,15292832568,vl0z@163.com,gl9ogbdvj,
GuiLei,male,19980627,2015,2019,guangzhou,microsoft,engineer,13349255846,zmwvdmm@qq.com,vuvkvrubii,
LinYutong,male,19980808,2015,2011,qingdao,xdf,trader,13340924217,4lhl@sina.com,ccnlxjh5qdx,
QinRui,female,19980519,2015,2019,zhengzhou,baidu,designer,15813463886,5ko2x@outlook.com,74snv5v9n,
BaoYuxuan,male,19970211,2015,2019,taiyuan,tencent,editor,13592433960,k3zbl@sohu.com,wbr5ydoy,
LvZichen,female,19971116,2015,2018,hongkong,google,officer,15885239558,ia47m@yahoo.com,yopvvcvv0g,
NiuXiaoyi,female,19971010,2016,2011,xiamen,microsoft,anaylst,15936197744,mdvw@163.com,yr6pjeyu3,
QinLin,male,19981024,2017,2019,shanghai,tencent,developer,15908968593,hpum4q@qq.com,78z17gr47,
ZhaoYouran,male,19971205,2017,2011,guangzhou,douyin,anaylst,13175028139,0uk0d@msn.com,pkgbvp6kca,
FengYuxin,female,19970523,2016,2018,taiyuan,baidu,developer,15794012025,mbnuvds@ask.com,33ndr9vvgq,
ZhaoZimo,female,19970320,2016,2018,qingdao,xdf,editor,15382855451,m3biz@ask.com,j4tj5qa0,
ChenHui,male,19980117,2016,2011,fuzhou,google,engineer,13245437597,7wlfr@hotmail.com,8y2ein83h,
NiuYinuo,female,19980218,2017,2018,xiamen,meituan,trader,15203568622,6qu9zg@ask.com,8of8ocg41a77,
QuanRui,male,19980608,2016,2019,nanjing,apple,designer,13056674771,9lj94@yahoo.com,mecfnvkxwb3z,
ChenHua,male,19980910,2017,2019,qingdao,apple,trader,15225881749,psmp4iq@msn.com,i92t5b1canq,
LinHaoyu,male,19970725,2016,2019,hangzhou,xdf,engineer,15060806127,vvfmcs@ask.com,hqc4796ow,
MaoYuxuan,female,19971209,2016,2011,guangzhou,baidu,engineer,13627238708,1yu@ask.com,uawl5ebyxap8,
WangJun,male,19971205,2016,2019,shanghai,douyin,officer,15795769423,h26@outlook.com,bpa7pryq09c,
YingXiaoyi,male,19980908,2016,2018,nanchang,meituan,engineer,13543977471,4v96@msn.com,c9cexzcuuz,
QuanLin,female,19970426,2016,2018,beijing,alibaba,manager,15786851416,9w0alnv@outlook.com,a2zssjjncd,
YingYuxin,female,19970804,2015,2011,taiyuan,meituan,designer,13028894892,94h@hotmail.com,tmpj15m8ildm,
YuLiang,female,19980828,2016,2019,shanghai,meituan,developer,13953543667,ihsb@sohu.com,ic8kv5vgt,
PangYuzhe,female,19980822,2015,2011,qingdao,xdf,editor,13381550300,hq942q@gmail.com,8fsjmyoj,
GuYuzhe,female,19980615,2017,2019,xiamen,baidu,anaylst,15205481153,affcugn@outlook.com,oakpwrqneyt4,
ChenYun,female,19970912,2015,2011,nanjing,apple,engineer,13329534431,abtioa0@qq.com,dwvzdcj4nr,
MaoXiaohua,male,19980915,2016,2011,hongkong,meituan,officer,13316335609,jxj3c@163.com,lpeq46wzp,
CaoYuhan,male,19970102,2017,2019,qingdao,xdf,designer,15503265726,1r668@gmail.com,7g0f9y0tmwc,
GuiHaoran,male,19980717,2017,2011,shanghai,douyin,manager,15618908646,122anx@qq.com,su9xukel,
YuHaoyu,female,19971105,2016,2011,hongkong,apple,designer,13332284489,5qc@live.com,7hsydycgxfmv,
XuXinyi,female,19970122,2016,2019,qingdao,google,manager,15852254251,cg96@outlook.com,8xnaaxva,
ZhaoBao,male,19971002,2017,2019,qingdao,google,editor,13844047527,pryqu5@yahoo.com,9jq4pcs15sf,
LiuZimo,female,19970705,2017,2019,hongkong,xdf,officer,13349109521,ghik9bo@outlook.com,sc94qxk9,
MaTianyu,female,19980926,2017,2019,guangzhou,apple,editor,15355001100,prc@sohu.com,9od3booj,
GaoYuzhe,female,19970224,2016,2019,guangzhou,baidu,manager,15944086014,cx2e@msn.com,a9uidh2gyvez,
FengLei,female,19971204,2015,2011,hongkong,alibaba,editor,15369960026,t73tj@163.com,xcl1s7iwn9,
ZhenghongKexin,male,19970218,2015,2011,qingdao,douyin,developer,13738480861,pda@msn.com,2xx5uqsc4t7o,
XiahouJuan,male,19971028,2016,2019,zhengzhou,google,officer,13110151241,t0v@outlook.com,ps3ghmnb6se,
QuanShiqi,male,19980721,2017,2018,hongkong,alibaba,officer,13246684725,r6k@sina.com,uvtfjpsrma,
BaoYinuo,male,19981017,2017,2018,shanghai,douyin,trader,13531232264,9ode@qq.com,zr9usk7do,
WangYue,male,19970223,2016,2019,nanjing,apple,engineer,13271043632,0p6mmm@aol.com,4grsyvrxdf19,
AiZimo,female,19970210,2015,2011,shanghai,xdf,manager,15372351516,aa2@live.com,mcob10r7n,
LvYuxin,female,19980311,2016,2011,fuzhou,tencent,designer,13486763546,762xp@sina.com,a9z7ktcdseh,
HanJun,female,19970108,2017,2011,beijing,apple,trader,13463777389,vsn0@sina.com,ulgepzy2bu,
ChenDawei,female,19981101,2017,2018,shijiazhuang,microsoft,anaylst,13765249127,xcf50@ask.com,kg9j59o5gdt,
ZhuLin,female,19971006,2017,2011,shanghai,douyin,editor,13703339305,n9wd8b7@aol.com,4r8prneryj,
FengXiaoyi,male,19971116,2017,2018,taiyuan,tencent,trader,15234815586,aw3r0p@163.com,mbqq2cpz28,
ZhugeXuan,male,19970618,2015,2011,hangzhou,alibaba,trader,15800344294,lhqt29n@yahoo.com,kn9npb9d,
GuXiaoming,male,19980209,2015,2019,shanghai,alibaba,editor,15616571383,8stlml@qq.com,hur11zi2,
QianShuxia,male,19980714,2016,2019,hangzhou,meituan,developer,15663742907,kl5qqen@ask.com,a5ff4cjpun,
PingXiaohua,female,19970201,2016,2019,hangzhou,apple,anaylst,15270441437,bgdxnw1@aol.com,5iqkka7cg,
MaKexin,male,19970328,2015,2011,fuzhou,microsoft,trader,15565424867,khh0r0g@gmail.com,ftflwyhwwo,
LinYouran,female,19980111,2017,2019,shanghai,google,trader,15950283620,us90bqq@qq.com,mfrgwlcmeb,
ZhaoLiyao,male,19970103,2015,2011,hangzhou,google,anaylst,15135462300,50t7@qq.com,7afhnj4f,
QuanXiaotong,male,19970317,2015,2019,fuzhou,google,officer,15041588782,bs5d7r@ask.com,sir7cevqwv,
XuXiaoming,female,19981117,2016,2011,shijiazhuang,microsoft,trader,15828721411,teitcso@hotmail.com,bxxj67oi1vbs,
MaoYi,female,19970113,2015,2018,xiamen,alibaba,trader,13192071317,2vbb6j2@outlook.com,9w5n0ovbt7h,
WangLiyao,female,19981223,2017,2018,qingdao,apple,engineer,13589626008,ve8@gmail.com,y4q102vnh2b3,
WangYuxuan,female,19980414,2016,2018,shijiazhuang,microsoft,trader,13984227927,muno@qq.com,razrhn29,
LvYing,male,19980806,2016,2011,nanchang,adobe,editor,13815842536,mq37@gmail.com,p6amk02vu0hl,
ZhugeXinran,female,19980415,2016,2018,zhengzhou,douyin,designer,13405462194,4ezyqb@163.com,j8gnmijmz,
WuXiaohua,male,19980808,2016,2019,hangzhou,douyin,developer,13464078578,7r5og@gmail.com,arqssnv9mto,
WangHua,female,19980610,2015,2011,taiyuan,alibaba,engineer,15804560733,czz0@yahoo.com,v4y63j77eub,
LiuBao,male,19970827,2015,2011,guangzhou,alibaba,anaylst,15296234819,7owv@163.com,kew4ca2h,
AiYutong,female,19970221,2015,2011,qingdao,alibaba,designer,13259225551,hq5d@yahoo.com,ryjqsqu6,
QuanXinran,female,19981015,2015,2018,xiamen,baidu,editor,13502715398,lwmpu@ask.com,sqnkyjkgtyph,
WangHui,female,19980810,2016,2011,hangzhou,tencent,trader,15742875828,phb2tce@msn.com,kyhkftrjik81,
WuHaoyu,male,19971118,2015,2018,fuzhou,apple,anaylst,15505487299,5jmxnzs@gmail.com,6e0a4onor6k2,
WuJuan,female,19980815,2015,2018,xiamen,microsoft,designer,13980893434,4cnr426@yahoo.com,j7oqlvnefmi,
WuXinyi,female,19970417,2017,2019,fuzhou,xdf,editor,13952544090,okwi@sina.com,ok2jzoo4j3,
YangDawei,male,19970320,2017,2018,beijing,xdf,editor,15161729773,2avwjxc@126.net,4rvwf4rf,
ZhugeXinyi,female,19970611,2017,2011,guangzhou,douyin,officer,13196522052,6b4i@outlook.com,wmfl2y41,
YangYue,male,19980109,2015,2019,fuzhou,baidu,manager,15182189357,qvzk@sina.com,esb8wuqo6lk,
QianYuzhe,female,19980908,2017,2018,shijiazhuang,google,trader,13797316689,kkv8by5@qq.com,vv13ak8ym,
HuaZimo,male,19971211,2016,2019,shijiazhuang,meituan,designer,13099397286,kmt@163.com,vbt9lartcf8t,
ZhengShuxia,female,19980316,2017,2019,zhengzhou,douyin,anaylst,13390244113,28qra@aol.com,7c4xbpvw,
ZhugeLei,female,19981214,2017,2011,nanjing,apple,designer,15846636946,ey8@qq.com,y5745mn3vb,
AiXiu,female,19970317,2017,2018,fuzhou,google,engineer,13259871133,qtv3j@gmail.com,ucrl6jyjf,
PingYuchen,female,19970327,2017,2018,shanghai,alibaba,developer,15555656993,l69@hotmail.com,d0fl20kkwit,
QuanYuchen,male,19981001,2017,2011,hangzhou,meituan,developer,13647762505,mxn@qq.com,gh4ap44o4,
LiXiaoming,female,19980910,2015,2011,nanchang,meituan,designer,15260461464,jjv@163.com,d730tpqe,
LvXiu,male,19980812,2017,2011,fuzhou,meituan,engineer,15229962456,dwx@hotmail.com,oxtuou7y7d4,
YangYun,female,19970312,2017,2011,xiamen,meituan,designer,13215026063,xambtmj@aol.com,2ruxf299,
MengHaoyu,male,19970307,2016,2011,nanchang,microsoft,developer,15282759352,mvpw2@aol.com,wavwp3oe,
GaoXiaoyi,male,19980621,2017,2011,beijing,tencent,engineer,15607259309,abqo@yahoo.com,tqu2q2soez,
YuRanran,female,19970223,2016,2011,guangzhou,tencent,trader,13333556258,qa96@qq.com,rlw2zf557e,
WangZeyu,male,19970212,2017,2018,qingdao,meituan,anaylst,13463165866,ujc1mzz@sohu.com,8dupt0yf,
CaoYichen,female,19980601,2015,2018,zhengzhou,tencent,developer,13770448354,8po@sina.com,oamwrvselg,
XuYuxin,male,19980823,2015,2018,shanghai,tencent,anaylst,15936397689,1pxo@sohu.com,k2met5rxap0a,
ShenLin,male,19970816,2017,2019,qingdao,apple,anaylst,15994173892,qu1y@163.com,q08706z2tn,
CaoJuan,male,19970813,2016,2018,xiamen,meituan,developer,15989927938,0vyf@sohu.com,ye0qiujha,
LinLiang,female,19971117,2017,2018,nanjing,google,developer,13890480574,18zo0k@live.com,5tvzh8z4u,
MengQiang,female,19970613,2016,2018,nanchang,alibaba,developer,15340564092,6hi1@outlook.com,n2ai9dhd,
ZhouHui,male,19970723,2017,2018,guangzhou,meituan,editor,13711291186,2rdq6m@live.com,u0twz3y0,
XuDawei,male,19980520,2016,2011,beijing,alibaba,designer,13958691426,igpkqe@sohu.com,lvlhd72ww80t,
ChenZimo,male,19970517,2017,2018,hangzhou,xdf,engineer,13191323184,xsx@163.com,4ttmp4kq52,
ShenRui,male,19980701,2015,2011,zhengzhou,xdf,developer,15093219181,zrz6tk@yahoo.com,4ilf8rxy0lfw,
XuXinran,female,19971111,2015,2011,guangzhou,microsoft,manager,13711682571,uhfo@163.com,6dq8eyb0,
YangTianyu,female,19981125,2015,2019,hongkong,microsoft,editor,13838552970,wizym@msn.com,wp54oygnw,
MengHui,male,19971123,2016,2011,guangzhou,microsoft,designer,15844152590,xng7j8@msn.com,roep0jxf,
GuZichen,female,19980123,2015,2018,shijiazhuang,microsoft,officer,13794733281,jw5qe@163.com,lfppuv6xg5,
MaYue,female,19981020,2015,2019,nanjing,tencent,developer,15714365999,3r8@outlook.com,gu88t1mqpdm,
YangYuxuan,female,19980326,2017,2018,fuzhou,microsoft,officer,13265312860,gx2@sina.com,egotehmo4suw,
LinTianyu,female,19980926,2017,2019,zhengzhou,google,manager,13642301535,29y@163.com,ds190jsaanco,
XiahouHaishan,female,19970110,2017,2011,shanghai,baidu,officer,13428917872,v2yp@yahoo.com,e0qz05n3t0z,
DengYing,female,19980324,2017,2019,xiamen,apple,trader,15970279532,20as59@sohu.com,g975xh1qzqs,
GaoRanran,female,19970605,2016,2018,nanjing,microsoft,anaylst,15983810310,mz05@outlook.com,v13to2py65ds,
ZhengXiaofeng,female,19980327,2017,2019,taiyuan,alibaba,designer,15997157229,af3@hotmail.com,3h5awrr3,
ZhenghongRanran,male,19970407,2016,2019,shanghai,adobe,manager,15157667684,fkf16ub@sohu.com,bfodrjjpvk,
BaoYuhan,male,19971118,2016,2011,taiyuan,alibaba,editor,15183267420,t8o@hotmail.com,9xvnv30zg,
PingYi,male,19970620,2016,2019,xiamen,google,officer,13184258992,cqr0yjx@aol.com,ozmzxeje4m,
HanXingchen,female,19980215,2017,2019,fuzhou,apple,designer,15323351146,ybz@163.com,9ce8u6bxy,
ZhenghongYuxuan,female,19980616,2017,2019,nanchang,apple,editor,13194942908,hf700t@163.com,cqgjx2vze4cg,
PingLei,female,19981117,2017,2018,shanghai,meituan,trader,13895437174,8rdgwzj@aol.com,cjrt4zrj6hz,
MengZirui,female,19980822,2016,2018,hongkong,microsoft,editor,13348361960,2hc4ge@gmail.com,sffkmpuxg2rl,
YangLiyao,male,19981021,2017,2018,shijiazhuang,google,designer,13384251863,1mdexax@163.com,cza5dznz,
WangYuze,male,19970514,2015,2018,hangzhou,baidu,developer,15720996701,4938q6@yahoo.com,ez4h6jer3o,
AiYuchen,female,19970905,2016,2011,taiyuan,meituan,trader,15209182913,ac5jh@live.com,7ht6ftnvx,
ShenYuzhe,female,19971109,2017,2019,hongkong,baidu,designer,13176977796,9heo3h@yahoo.com,h8tvdxin13e,
LuXinyi,male,19970609,2017,2018,hangzhou,meituan,developer,13073889578,ecsx0rw@ask.com,y916snge,
MaYuxin,male,19981125,2016,2018,xiamen,google,manager,13481413042,qcy@126.net,m6hosvpjcf,
WangZichen,male,19981120,2015,2018,beijing,xdf,anaylst,15319248182,pmqfd@sina.com,epc01867up,
LinXiaoming,male,19970515,2016,2018,nanjing,apple,engineer,13361195429,5dsvlx@ask.com,s2qu94amxh,
PangQiang,male,19981016,2015,2018,shijiazhuang,xdf,developer,13022546610,piqbf@hotmail.com,t2wxw5defqxn,
LuXinran,female,19980310,2015,2019,guangzhou,meituan,manager,15531992023,lk2z3bw@sohu.com,jlmp7al7x9q3,
ChenXiaoyi,female,19981121,2015,2011,shijiazhuang,meituan,anaylst,15678834447,16n88p@live.com,vkd83cku1y,
QinYouran,male,19980404,2015,2019,hangzhou,tencent,trader,13463949430,82lcup1@ask.com,habs419zy7s,
ChenXiaofeng,male,19970624,2016,2011,nanchang,xdf,editor,13164753914,dnaz@126.net,9wiupzfsywl,
LvLiyao,male,19970325,2015,2018,taiyuan,microsoft,developer,13102975726,n4gwfy@live.com,txj3q3uzn5,
HanHua,female,19981213,2017,2018,shanghai,douyin,officer,15274961824,wnf@hotmail.com,3mvw041g,
QianZichen,female,19980711,2016,2011,nanchang,tencent,officer,15977399740,dyg77o@yahoo.com,au64fs1p8co,
FengJuan,male,19980322,2015,2018,nanchang,xdf,manager,15124832838,bu5390j@sina.com,75mvjx95k8,
LuXiaofeng,female,19981117,2015,2011,hangzhou,adobe,editor,13719291550,uqld5b@sohu.com,qgxlcsm7scs,
HuaXiaohua,male,19970319,2015,2019,nanjing,apple,trader,15226548935,g3f@126.net,trk9hncd,
WangYutong,male,19980903,2016,2019,qingdao,meituan,officer,15883097489,5etqm6a@hotmail.com,oi4evub5,
SunQiang,male,19980715,2017,2018,shanghai,adobe,editor,15209772386,p2xmh9@outlook.com,oxkxmhuj,
AiLiyao,male,19980616,2016,2018,nanjing,meituan,trader,13438081364,506krj@126.net,4vuxnlp2g13q,
LiuRanran,male,19981221,2015,2011,xiamen,xdf,editor,13976686260,t5m316e@qq.com,w2oq7me03tjr,
YuJuan,male,19971004,2017,2018,hongkong,xdf,manager,15736605264,2myk13j@126.net,aymgfnmel,
LiShiqi,male,19971225,2015,2011,nanchang,tencent,anaylst,13310459489,g220v@126.net,cw9hp2gpw,
WuYutong,female,19970720,2017,2011,zhengzhou,baidu,developer,15581417492,thv5hw@qq.com,pllqzpii7,
NiuXiaohua,male,19981121,2015,2018,fuzhou,baidu,designer,13555956632,ih8x@outlook.com,pakyhuhmburs,
CaoLiyao,female,19980806,2016,2018,hangzhou,apple,manager,13248648371,qodpb@aol.com,oimc30ph09a1,
JiangZichen,female,19980618,2015,2011,nanjing,tencent,engineer,15959589464,4442@aol.com,7h0asnruoz5,
GaoHaishan,female,19970215,2015,2018,taiyuan,adobe,trader,15783267960,brp5ma@aol.com,wck7egg85y,
PingZeyu,male,19980705,2016,2018,nanjing,tencent,developer,15938404696,umiycb@sina.com,tcjwfhbc2k,
HuaYutong,female,19970810,2016,2019,hangzhou,alibaba,officer,15605771596,oucfwsi@sohu.com,jb3696x4,
GuZeyu,male,19970312,2016,2011,xiamen,xdf,anaylst,13872197543,1bgcif@msn.com,eyb2p60xdub,
ShenYinuo,female,19971112,2017,2019,qingdao,alibaba,developer,15079547230,rsqw@sohu.com,e78pucbk,
SunKexin,female,19981204,2016,2011,shijiazhuang,xdf,developer,15235797813,59d@163.com,pp3tzeqp6nza,
LuXingchen,male,19970920,2016,2011,beijing,alibaba,officer,13362857923,6yo4@ask.com,3bl47xbkuu,
DengXiaofeng,male,19970923,2016,2011,shijiazhuang,apple,engineer,13694024483,g7be29@yahoo.com,s0t0gnexq,
QuanXiu,female,19980104,2017,2019,fuzhou,adobe,officer,15189675331,l6b@live.com,8sa74rgf,
CaoZirui,female,19970208,2016,2018,qingdao,google,developer,15244377187,tjc@msn.com,ik2pa6qi,
PangJuan,female,19970504,2017,2011,zhengzhou,douyin,engineer,13391651122,yrf2t9l@sohu.com,ud89jycpm5s,
LvYi,male,19980409,2015,2019,nanchang,apple,engineer,15607059580,z631ut@aol.com,asexq3ry,
LuJun,male,19970515,2016,2018,taiyuan,microsoft,trader,15815105388,f15@sohu.com,72ao8wj7,
NiuShiqi,male,19970828,2015,2018,nanjing,tencent,designer,15809169655,enhz@yahoo.com,9p5e0c78eqs,
BaoXinran,female,19971103,2017,2019,guangzhou,alibaba,anaylst,15727755541,nwpyk@gmail.com,yw7tcdfej,
FengXiaofeng,male,19971017,2015,2019,beijing,tencent,trader,15347114750,x2oufw@ask.com,dskhhl5af8,
PangXiaotong,female,19981223,2015,2018,beijing,douyin,engineer,13950003926,3v4ww9@hotmail.com,fv868fbykhr4,
ShenLei,male,19970106,2015,2018,nanjing,meituan,manager,15597210097,o7sc7@163.com,p3yeg0lrcrl,
GuYinuo,female,19981225,2017,2018,qingdao,alibaba,trader,13138009978,9x14@outlook.com,ql0tnd3d,
ZhouJun,male,19970502,2017,2011,zhengzhou,microsoft,trader,15557976457,v8a@163.com,v0b95uhhhv9,
SunYi,male,19980321,2015,2011,hangzhou,google,designer,15973200701,fpcr@aol.com,mfn42vujxc,
PingLiyao,male,19980224,2016,2019,qingdao,alibaba,anaylst,15026704163,rxw24cj@qq.com,ls8zmdu80,
XuTianyu,male,19970723,2015,2011,shijiazhuang,baidu,trader,15940393164,qivpw@live.com,mil1ytvk1,
JiangYutong,female,19970619,2017,2011,shanghai,microsoft,engineer,13447106115,9kr@live.com,ngpijcrqg2t,
ZhouDawei,female,19980820,2015,2011,nanchang,douyin,trader,13485724253,e48@163.com,8asy6w1x,
ZhaoYinuo,male,19980626,2016,2018,shijiazhuang,tencent,engineer,13652651058,1f0c@126.net,hmuqkl0e4,
FengZirui,female,19970515,2016,2019,guangzhou,apple,editor,15092428443,x8ro@hotmail.com,xfi13a4qqc,
GuiZichen,male,19980605,2017,2018,nanchang,xdf,officer,13424258742,kk3ia4w@sohu.com,iyixsllmkq,
ZhengYutong,female,19970214,2016,2011,qingdao,baidu,trader,13998918512,tj0tu4@outlook.com,qns28cnb,
ZhengYun,male,19970111,2016,2018,xiamen,apple,officer,13938044044,tf2hgs@msn.com,rj6dp1elgmm1,
CaoHaoran,female,19980818,2016,2011,xiamen,douyin,developer,15138388289,v3yxqa@live.com,7rqrumoste,
ChengRanran,female,19980812,2016,2019,xiamen,xdf,trader,15820450571,97do456@live.com,ogjxq8qg3cj,
WangQiang,male,19970315,2016,2011,beijing,microsoft,designer,13134538752,1wj@ask.com,0stiayx7x,
HanJuan,female,19970108,2016,2011,fuzhou,douyin,editor,13084582758,56mvo@ask.com,1fqcd4ru,
GuYuze,female,19980507,2015,2018,fuzhou,meituan,anaylst,13068272651,a1x@yahoo.com,u2zt1b3meizs,
HanXinyi,female,19980701,2016,2018,zhengzhou,microsoft,trader,15694578231,v46fbw@163.com,i1axbfm49,
XuYinuo,female,19981013,2016,2019,guangzhou,alibaba,trader,13709108118,u7flkl@outlook.com,osjipbi2c,
YuJun,female,19970204,2017,2011,shanghai,douyin,trader,15730009336,9sr1j26@163.com,8xj45pxnwuu,
XuBao,male,19970721,2015,2019,fuzhou,douyin,engineer,15898618915,nsnu3l@aol.com,usy529ye,
GuLin,female,19980822,2015,2019,qingdao,baidu,officer,13068811274,f1hi7@126.net,ymbe67wqrto1,
MengYing,female,19980511,2016,2019,shijiazhuang,google,designer,15246847634,ug0u0z@gmail.com,x8ckl3vn,
GaoZimo,female,19980116,2017,2019,nanchang,xdf,trader,15872443666,4yghzuj@163.com,skuciwuv4,
MaHui,male,19970515,2016,2019,nanchang,tencent,editor,13113803297,45fn@gmail.com,pccp0to5dwpx,
GuXinran,male,19971021,2016,2011,fuzhou,xdf,designer,13446933839,db9o@sohu.com,3oru5etbg,
ZhuJuan,male,19980921,2015,2019,xiamen,alibaba,developer,13914900419,r1fdu5@163.com,w4j0pqc7,
ZhouYun,male,19970718,2015,2011,xiamen,apple,trader,13124892251,41k@yahoo.com,3uxlsr5doe,
ChenYuxuan,female,19970328,2017,2019,guangzhou,xdf,editor,15157960472,2br2rp@163.com,hu27cl47zz,
PingRui,male,19981118,2015,2018,fuzhou,apple,anaylst,15759690683,nannfc@msn.com,x01slhms9la,
ZhaoHaoran,female,19981128,2015,2011,zhengzhou,alibaba,officer,13913568576,wqy6@ask.com,zmk376h3td,
SunXiaoming,male,19981119,2016,2018,xiamen,alibaba,officer,15515952487,ehdk@msn.com,5b1hvnsqdh3,
QinBao,male,19970916,2016,2019,xiamen,adobe,developer,15635309044,e48i@163.com,6st3f624rucf,
JiangYuxin,female,19980802,2016,2019,xiamen,baidu,trader,13780484843,ziyh@sohu.com,rtuekvg03,
BaoShiqi,male,19980205,2015,2011,nanjing,meituan,developer,15797435595,m2m9wa@outlook.com,a3439l2oy,
LiYuxuan,female,19980722,2017,2019,qingdao,meituan,editor,13195092299,o8lx@msn.com,6bq8hmuqehd,
YuHaoran,female,19980402,2015,2018,nanchang,baidu,officer,15542237128,28he@aol.com,zihb2tj7oppr,
ZhouYue,male,19981202,2015,2011,beijing,microsoft,engineer,13995497585,11o2p9@sohu.com,hq06qjnm,
ChenJun,male,19970112,2017,2011,fuzhou,apple,officer,13458308525,021n0uk@aol.com,iwegq0lzn7,
NiuYi,female,19980622,2017,2011,shijiazhuang,douyin,designer,15150025087,qokqqg@163.com,2e24i46dhu,
HanYuxuan,female,19970518,2016,2011,guangzhou,alibaba,trader,13939976249,59ws9k@126.net,prccm9jsa,
MengYouran,male,19980919,2016,2011,nanchang,microsoft,editor,13737138762,w3ie5@msn.com,ge9u2owgu,
PangXiaohua,male,19980906,2016,2018,shijiazhuang,baidu,designer,13658124212,zbdnkc@live.com,zoisuxyirchr,
LiuYuchen,female,19981106,2017,2018,shanghai,alibaba,engineer,15656649514,dg6@hotmail.com,k4886dj5t7ro,
QinXiaofeng,female,19980910,2016,2011,hongkong,alibaba,developer,15052827446,53ndazn@sohu.com,1ryayhiwn,
YuYun,female,19971004,2016,2018,nanchang,adobe,developer,15129368544,teqek@126.net,4pjfuhvmtr,
LiuLiang,male,19971112,2017,2011,xiamen,douyin,developer,15399105907,p4o@ask.com,qlldj6mfdvf3,
DengXiaoyi,male,19980220,2017,2019,shanghai,adobe,manager,15158160877,it8s@ask.com,l200bsuxvjt,
LuHua,female,19980819,2017,2019,zhengzhou,adobe,manager,15553476823,v9k6hv@aol.com,xowzuyya6tl,
HanYuxin,male,19970616,2017,2018,hangzhou,microsoft,editor,13366979909,x7u@hotmail.com,sy5gpj8yt1w2,
JiangXinran,male,19971014,2016,2019,shijiazhuang,adobe,anaylst,13934316404,va63@live.com,89ehq91upi,
YuYue,female,19970606,2016,2011,nanjing,xdf,trader,13017583628,odl@126.net,v5so1pnt,
LiuXinran,male,19980206,2015,2011,taiyuan,meituan,editor,15880896783,mw8@126.net,omc2asrhn,
YingXiaohua,female,19970308,2015,2011,shanghai,douyin,designer,13764375567,4gglwk@msn.com,nk76tg87pfc,
ZhaoYuzhe,male,19981103,2016,2011,hangzhou,baidu,trader,13083671229,or8mro9@qq.com,oayb7jct,
LuHui,male,19981106,2015,2019,xiamen,tencent,manager,15531402241,7rn@ask.com,9w2o6aeubs4b,
WangYuhan,female,19970908,2015,2011,guangzhou,xdf,developer,13687731948,uljuqz@163.com,6d2ckor3b,
WangXingchen,female,19970228,2017,2011,shanghai,baidu,officer,15564374103,znszyi0@126.net,oi8x5kyyh2,
PingShuxia,male,19980210,2016,2011,xiamen,alibaba,developer,15772124564,8upja@qq.com,owch537x2,
MaYinuo,male,19980412,2015,2018,qingdao,meituan,manager,13513195817,icf@live.com,pbohx8515,
CaoLiang,female,19970226,2015,2011,beijing,google,officer,13751650679,iutq@msn.com,gx57wy8xe29,
WuYuzhe,female,19970111,2016,2018,hangzhou,xdf,designer,15756156547,j99363@aol.com,ci827ydqpkku,
ChengXiaohua,male,19971105,2017,2019,xiamen,google,engineer,13720748625,vvpcvpn@qq.com,92vgvh6p,
ZhugeXiaotong,male,19981001,2016,2019,nanchang,baidu,trader,13516523140,p6cn1@qq.com,mzq978dz1fff,
QinXiaoyi,female,19981113,2016,2019,nanchang,microsoft,trader,13701210073,n09i@126.net,g90knuelmzc,
PingYuhan,female,19980104,2015,2018,nanchang,adobe,anaylst,13196078846,m3wez@hotmail.com,y4q4bv7h,
ZhaoZirui,male,19970105,2015,2018,qingdao,alibaba,editor,15569468515,0zku@qq.com,cb02suormfy,
ShenZichen,male,19980605,2017,2018,nanjing,microsoft,officer,15706393184,oxo@qq.com,j1bzdm30w9m,
ZhuXiaoyi,male,19980503,2015,2019,xiamen,meituan,trader,13563359757,alq0kq@live.com,t8kc2g8a1,
WuXuan,male,19980112,2016,2018,xiamen,meituan,officer,13555144932,msr@aol.com,d5auzyaqio,
QinYuhan,male,19980127,2017,2019,qingdao,adobe,designer,13524189722,kpn4@163.com,1zox6xeobwm,
ZhuYutong,male,19980121,2017,2011,nanjing,google,manager,15274786090,g7l7z@qq.com,5ihfoabvz0,
GuiXinran,female,19970906,2015,2011,hongkong,adobe,trader,13188751540,fj0j1e4@ask.com,qdiprb2w,
XuRui,female,19981008,2015,2019,shanghai,google,editor,15014649285,y13@126.net,c9epfrmtyeh,
DengZirui,male,19980216,2015,2018,guangzhou,alibaba,anaylst,15310881620,x6crelk@gmail.com,2hqey4qs77i,
PingXingchen,female,19970427,2017,2011,qingdao,microsoft,editor,13659246461,x56fsx@163.com,60o32bmz0,
NiuKexin,female,19970716,2017,2019,shijiazhuang,douyin,officer,13198449673,tehi@outlook.com,d8t9e46l3nk,
QinZichen,male,19980127,2017,2019,qingdao,google,trader,13365177714,hv24z@qq.com,jxbcwom27,
ChengZimo,male,19970121,2016,2011,guangzhou,douyin,developer,13005261128,00g5@163.com,ns2dx6wi7,
PingHaoran,male,19981025,2017,2011,xiamen,apple,anaylst,15629984171,1ru@qq.com,ic34je05,
ZhuYuxin,male,19970214,2016,2018,hongkong,baidu,trader,13449715599,xre@outlook.com,wtlc744ej,
ShenXiaoyi,female,19970109,2015,2018,qingdao,tencent,editor,15130386798,vde@gmail.com,hngmi59sx,
LiuYouran,male,19980422,2016,2011,taiyuan,douyin,trader,13036770197,hwa@msn.com,wujgo6qry,
PangJun,female,19970809,2017,2019,shijiazhuang,xdf,trader,15752422204,wkl48@outlook.com,r2b0s1ga8cpq,
WuLei,female,19980209,2015,2018,shijiazhuang,meituan,manager,13719070174,7x260le@163.com,muj4p2c9ak2,
HuaXuan,female,19970201,2017,2018,taiyuan,alibaba,officer,15354361119,pwyu91j@msn.com,vknslwrudl38,
XuLin,male,19981126,2015,2011,hangzhou,microsoft,engineer,13531063980,2mhb0@live.com,7usgmx1z8,
GaoJun,female,19980519,2015,2018,nanjing,apple,officer,13799510000,xsi@yahoo.com,ihayctx95ml,
PingHaishan,female,19980907,2015,2018,beijing,xdf,manager,13939332930,p3m@aol.com,8et5ctjenzvf,
DengHui,male,19980111,2016,2019,guangzhou,xdf,anaylst,15283150075,jbs@sina.com,3tb0a6t9hc7e,
GuiXiu,male,19970804,2016,2019,zhengzhou,tencent,manager,15814776370,gvn@live.com,nbxvxtv0,
MengYuchen,female,19980907,2017,2019,beijing,tencent,developer,15703851035,i8tbl@live.com,6u6ztq9j3,
AiZirui,female,19980416,2015,2019,nanchang,apple,anaylst,13722444426,4g2swnl@126.net,8w19xtxon3,
LiuJuan,male,19970714,2017,2019,nanchang,google,editor,13205808194,ncwwlu@gmail.com,v3j36oba,
YangHaoran,female,19980907,2015,2019,hangzhou,google,designer,15873337169,g8huy@live.com,d1cx061nhppi,
GaoHua,female,19971210,2016,2011,guangzhou,baidu,designer,13158125323,5xy@hotmail.com,wjjxkxoeks,
FengYun,male,19981011,2016,2011,nanjing,adobe,officer,13703533129,nb42@yahoo.com,zxub1n4d4y8,
ZhengXinyi,female,19981219,2016,2018,taiyuan,tencent,officer,13849193569,yjd@yahoo.com,mi5lbbcz0tet,
GuXiaotong,female,19971015,2015,2011,shanghai,adobe,editor,13814133359,wwu@live.com,3zjqjr8uwqc2,
MengYuzhe,female,19980602,2015,2018,guangzhou,alibaba,editor,13226640600,v29k@163.com,u2emvee8,
LiXiaofeng,male,19970523,2015,2018,nanchang,google,engineer,15779759119,6tq@outlook.com,zwc3psj94,
ZhugeYuhan,male,19980514,2017,2019,taiyuan,meituan,developer,15843129612,wsl9ir@sina.com,javclbxaveg1,
ZhouZichen,female,19980701,2017,2019,shanghai,xdf,editor,13537067014,38r4o@qq.com,t9x83rg6,
GuTianyu,female,19981113,2015,2018,hangzhou,baidu,manager,13062474645,mgd9@gmail.com,4iymp6v4c,
FengYue,female,19980712,2016,2019,beijing,microsoft,engineer,13295475240,8o3co@msn.com,t93lxqjw0,
PangYun,female,19980719,2015,2018,shanghai,google,officer,13687879538,ynxlh@sohu.com,3rmuk72r8n1e,
QinJun,male,19980127,2015,2018,zhengzhou,adobe,developer,15796226219,3fv5x@sina.com,vz24q640,
WangRui,female,19980618,2015,2019,beijing,alibaba,manager,13305677225,q9cb@hotmail.com,v9os009z9l3m,
DengDawei,female,19970814,2016,2018,hongkong,apple,manager,13472503448,mjh@126.net,s1q6d230zpk,
ZhengKexin,male,19980121,2015,2018,nanchang,alibaba,officer,15766614775,z6f5u@gmail.com,o748ql052,
QinLiang,male,19980208,2015,2018,hangzhou,apple,anaylst,13671080851,sbvh@yahoo.com,3rpf87kxjj04,
GaoYue,female,19981001,2017,2019,hongkong,microsoft,designer,15257786909,i12t@hotmail.com,shymuefv1w9,
ZhenghongZirui,male,19981225,2016,2018,shanghai,douyin,trader,13253496658,uenxb4f@msn.com,bg8b8d43j6z,
PangYue,female,19970705,2017,2011,xiamen,apple,anaylst,13077705582,pfetl@sohu.com,jkr5eco7q1dp,
LinZichen,female,19980728,2016,2011,zhengzhou,douyin,designer,15731608608,s2axd@163.com,c0jcwinrk,
PingShiqi,male,19980610,2017,2011,zhengzhou,alibaba,designer,15270135751,y1u@163.com,plwq71jmz6u7,
PangXinyi,female,19980919,2016,2018,zhengzhou,douyin,engineer,13589323976,5ug1xc@qq.com,xyef8kixyjv,
SunHua,male,19980405,2017,2018,xiamen,apple,engineer,15178294203,ir4wuk@outlook.com,akvyummjezoh,
YingXiaofeng,male,19980413,2017,2018,nanjing,tencent,designer,13701359885,741uee@ask.com,sjaf6zn9,
GaoYun,male,19980910,2017,2019,taiyuan,meituan,manager,13521021069,i9z@aol.com,4lshcunnn,
YingZirui,male,19970805,2015,2011,hangzhou,douyin,anaylst,15678688938,uhhy@126.net,kgik9xikfr,
AiYuze,female,19970502,2016,2019,beijing,xdf,developer,13279686279,a6e@aol.com,443bbeq5ri,
SunHui,male,19981204,2015,2018,taiyuan,xdf,anaylst,13098575137,wuviij@outlook.com,db1947oumxf,
NiuYue,female,19970527,2015,2011,taiyuan,baidu,engineer,13053395953,edwv@hotmail.com,hhh3jdi75,
FengRanran,female,19980111,2016,2011,shanghai,microsoft,manager,13237823237,1bl1t@gmail.com,1jsfd5virr,
FengHua,male,19980226,2016,2018,shijiazhuang,apple,developer,13105687836,in95@live.com,jo76keuk,
SunJuan,female,19980207,2017,2018,nanchang,microsoft,trader,15363405340,xov9q5@hotmail.com,riqr6s2j2i,
FengXingchen,male,19970906,2017,2018,zhengzhou,adobe,developer,13263731533,fahq@msn.com,gktjymt7,
QianZimo,male,19970519,2016,2018,hangzhou,google,developer,13757730714,js1c@live.com,8ivrwbhaqa1,
YangShuxia,female,19970504,2016,2019,nanjing,tencent,engineer,15284710537,xdtfkls@yahoo.com,mog67c5hrs,
QinYue,male,19970702,2016,2011,guangzhou,apple,anaylst,13094198448,3ky@ask.com,hkjhx2w3s7,
SunXinran,female,19981225,2015,2018,shijiazhuang,microsoft,editor,15341420274,rh8q44p@hotmail.com,uwh8je35gj,
SunYuzhe,female,19980828,2017,2018,taiyuan,microsoft,officer,13221677982,4sd84@sohu.com,01xraupk3lo,
JiangXiaoyi,female,19971001,2017,2018,nanjing,baidu,anaylst,15855024002,m7kc60@gmail.com,xz0oenuy,
LuKexin,female,19980620,2016,2018,zhengzhou,tencent,officer,13113384240,80t9@yahoo.com,bq4cnipwktv,
LinXinran,male,19980920,2017,2011,zhengzhou,tencent,manager,15541135542,ycvd@ask.com,57z4ecslmn,
QinYun,female,19970626,2017,2011,fuzhou,xdf,trader,13749048845,3sx20@163.com,uwmwyz1zvd,
FengBao,female,19970506,2015,2018,nanchang,baidu,developer,13608416722,bvzl93y@gmail.com,xgl524suni0i,
MaoJuan,female,19980709,2017,2011,shanghai,alibaba,editor,13218826861,8tzhmr9@163.com,hod1n5bsc,
YingDawei,male,19980219,2015,2011,hangzhou,tencent,designer,15281555000,19y9ol@126.net,qhhzqc13s,
YangXiaoming,female,19970611,2016,2011,shijiazhuang,microsoft,engineer,15884067516,ihq3@126.net,212vm1b5epkj,
FengYichen,female,19980928,2015,2019,fuzhou,meituan,engineer,13995776044,um0t71@outlook.com,faus27yy6h,
WangXiaofeng,female,19970222,2015,2011,shijiazhuang,alibaba,trader,15286846179,7w2@163.com,dxneezv39,
ChenYuhan,male,19971013,2015,2011,shanghai,baidu,editor,13845042184,veu9ao0@sohu.com,2e2qq3wzzt8,
QianYun,male,19970421,2015,2018,taiyuan,xdf,developer,15181864519,zxxb9mo@msn.com,ujucixe0q5,
LinYuchen,female,19980313,2016,2011,fuzhou,meituan,designer,13530273803,5zcifod@qq.com,xsp3gry1x,
WuRui,female,19970704,2015,2011,zhengzhou,tencent,engineer,15871796959,c38@qq.com,ulkmfyiw0iv,
QinYuchen,female,19980423,2016,2011,guangzhou,meituan,officer,13701656720,8l2@live.com,whipqv2ypg6,
GuiXiaotong,male,19980326,2015,2018,fuzhou,meituan,manager,15787164191,6c8c@live.com,gqiy2t5vgehf,
MengYinuo,male,19970410,2016,2011,beijing,douyin,designer,13886610982,nid@msn.com,z7lgnexf,
SunYuchen,female,19981011,2015,2018,hongkong,baidu,engineer,15797579064,91mbxb@hotmail.com,adbbxlyexa6,
NiuHui,female,19980101,2017,2018,qingdao,tencent,trader,15207571459,emuf0s@live.com,1snjmxygpfr3,
LvZirui,male,19981017,2015,2019,shijiazhuang,adobe,designer,13159472676,6w0q@qq.com,nro8hv0g7,
DengJun,female,19980924,2017,2019,fuzhou,baidu,officer,13055437318,a5mp6g0@qq.com,zib1bjtz,
BaoXiu,male,19970218,2016,2018,guangzhou,apple,developer,15005351307,5w4y@yahoo.com,gd1wdzh8b,
QuanTianyu,female,19970915,2017,2018,shanghai,xdf,engineer,15719454866,mg5vi@hotmail.com,j8i92ch0,
QuanHaishan,female,19980502,2016,2011,taiyuan,google,anaylst,15220696783,ul37m@msn.com,wdfdtfvl,
LiuXiaoyi,male,19970518,2016,2018,nanchang,baidu,designer,15729990518,rim9x3g@hotmail.com,n59ayw9c,
QinXingchen,female,19970717,2016,2011,guangzhou,tencent,officer,13760466005,d3yl8w@hotmail.com,2uxzaihnyy,
MaoHaoran,male,19970619,2016,2018,taiyuan,baidu,officer,15945617185,k4hr7rr@hotmail.com,2o2qoimf3,
QianQiang,female,19980816,2015,2011,zhengzhou,tencent,manager,13136842828,1haf@msn.com,u16krq3yr7u,
DengYuchen,female,19970519,2016,2018,guangzhou,microsoft,anaylst,13458173865,l3wwja@outlook.com,klnf3eog,
ZhouXiaofeng,female,19980504,2017,2019,shanghai,tencent,developer,15947366030,xvyx@126.net,49vn89hj0gu,
MaYuchen,female,19970712,2016,2018,taiyuan,baidu,engineer,13836973037,fdac@qq.com,byucclxi,
LiLiyao,male,19971228,2015,2018,guangzhou,baidu,manager,15882085336,bgt@aol.com,vdollx6bnv8,
YuZirui,female,19970108,2016,2018,xiamen,xdf,officer,15174662850,v7q@sina.com,8uz4ctrou,
GuHaishan,female,19971007,2016,2011,qingdao,baidu,editor,13152932510,36o@qq.com,05wrqha6qss,
JiangYi,female,19971203,2016,2011,hangzhou,tencent,manager,15765083294,mlgo85@sohu.com,vqpaehui8p8,
HuaXiaoming,male,19970826,2017,2019,zhengzhou,tencent,manager,15297865346,ms88@aol.com,bo022xpdzpb,
QinHui,female,19971122,2016,2018,nanchang,tencent,engineer,15989457682,s3po4@gmail.com,6hfpx53sy,
QianHui,female,19970915,2017,2011,shijiazhuang,xdf,developer,13867004342,kou4p9n@hotmail.com,d6px741hg,
WangYouran,female,19981003,2017,2018,nanjing,tencent,trader,15970862837,xl153y@ask.com,xzctzkq9,
XiahouTianyu,male,19970802,2017,2018,nanjing,meituan,engineer,13261411031,a9s@hotmail.com,yehdxkbt3e,
DengJuan,male,19980628,2015,2018,shijiazhuang,alibaba,anaylst,13318195714,plc3k7@ask.com,zhb5gg2e,
MengXuan,female,19971001,2015,2018,fuzhou,xdf,trader,15573382273,p9we@gmail.com,b4z9xb6bu,
DengYun,female,19980213,2015,2011,qingdao,baidu,officer,15777761752,943szv@live.com,jlenmlxmy,
QuanHaoyu,male,19980320,2015,2018,zhengzhou,meituan,manager,15336242980,4c6i@outlook.com,dffqo71uj,
WuYichen,female,19970724,2016,2011,hongkong,meituan,engineer,15754161677,nedod@outlook.com,hlxge82k,
LiLin,male,19981212,2016,2019,fuzhou,adobe,designer,13181364700,i42s4@sina.com,usk8tz5ig,
LiZimo,female,19981112,2015,2019,qingdao,microsoft,anaylst,13243141368,akn@ask.com,scwgndq1d,
LiRui,female,19980223,2016,2018,hongkong,adobe,editor,13776643567,dpzqh@sina.com,fkqb8stpil5,
MaoXiaoming,male,19980424,2015,2019,nanjing,baidu,editor,15912400826,qy2@yahoo.com,we1s6xk85,
PangYuxuan,female,19981214,2017,2011,hongkong,microsoft,engineer,13415949065,ynfrq2@163.com,k4yj84wt,
MaYuze,female,19980719,2015,2019,taiyuan,apple,engineer,13533797356,4ydq@sohu.com,in6408ow9h,
YingYi,male,19980503,2017,2019,nanjing,xdf,designer,15008445757,3qeh8@126.net,qq7aj4x0,
GuXiaohua,male,19980924,2017,2018,fuzhou,alibaba,anaylst,13410044577,yabwx8@aol.com,258lsxxx,
WuRanran,male,19970123,2016,2018,zhengzhou,meituan,designer,15842165300,oj19@sohu.com,mhxd87soam4,
CaoDawei,male,19981225,2015,2019,shanghai,apple,anaylst,13859389138,42av@aol.com,sw2c5i260,
WuHua,male,19971220,2015,2011,guangzhou,apple,developer,15955186666,94fu4tc@126.net,bw1ts7j4nk,
HuaYuxuan,male,19970215,2016,2011,hangzhou,google,manager,15101812149,ofoiqg@outlook.com,mbt9bs02v,
LinXingchen,male,19980613,2017,2011,beijing,meituan,manager,15758698465,s0vzw@live.com,eh2gf7b39oh,
LvRui,male,19980121,2016,2018,xiamen,google,engineer,15689560005,p6cq0@hotmail.com,5k1ma98i15e,
ShenJun,male,19970810,2016,2019,xiamen,microsoft,officer,13980649459,3q792@live.com,rjzz5cqv2,
LiXiaotong,male,19980213,2017,2018,shanghai,adobe,designer,15505325758,azwhp0t@qq.com,g684tqil0,
WangRanran,male,19971212,2016,2019,shanghai,alibaba,officer,15005444478,ox0twb@msn.com,q0jrqcduna76,
WuHui,male,19971015,2015,2018,guangzhou,tencent,manager,13627668722,as2kapv@yahoo.com,9mhkpul2zxs7,
AiXiaofeng,male,19980611,2015,2018,hongkong,meituan,trader,15743647945,pq2xn79@msn.com,y859fga9,
ZhugeLiyao,female,19980619,2017,2011,hongkong,google,officer,15229799374,pg4v@126.net,9d2azrghs9,
XiahouXiaohua,male,19971204,2016,2019,xiamen,google,manager,13984813772,n0p@hotmail.com,ugn23op2hfk8,
JiangYouran,female,19971120,2017,2019,shijiazhuang,microsoft,officer,13171624334,88w@ask.com,r642tjeuzy6s,
FengXiu,male,19980212,2015,2011,fuzhou,microsoft,officer,13676654580,cw7a4x@qq.com,tll8j01jp6,
SunDawei,female,19980628,2016,2011,nanjing,meituan,editor,13819389792,uuq@gmail.com,aooginoih,
DengBao,female,19980412,2017,2019,zhengzhou,microsoft,officer,13530252865,52j5@ask.com,vfoyn8zgy,
BaoBao,female,19970623,2016,2019,hongkong,adobe,engineer,15026067869,hag7@hotmail.com,obppvmm7z,
XuZirui,female,19970413,2016,2019,guangzhou,microsoft,designer,13135147943,zx8d@gmail.com,urgr14o476om,
JiangHaoran,female,19981218,2016,2018,fuzhou,google,trader,15339903769,l3l@yahoo.com,7qra9l7p,
FengYouran,female,19980904,2016,2011,hangzhou,meituan,editor,13386065983,urv@ask.com,hdd45zul7,
FengYing,female,19970622,2016,2018,hongkong,google,officer,13767698278,stx4nq@live.com,jugurobw5v,
ZhengShiqi,male,19971116,2016,2018,shanghai,baidu,anaylst,15904026076,cok9le5@163.com,5goj27bkb1f7,
NiuJuan,female,19970428,2015,2019,guangzhou,douyin,manager,15809364033,wo0h@163.com,wa99rxldj,
LvShiqi,male,19980105,2017,2019,nanjing,adobe,manager,13340361825,v8p4c@yahoo.com,b80k7kzgzlo,
JiangKexin,male,19970307,2016,2011,xiamen,baidu,designer,15014727859,eq1@qq.com,cv73k2d0pf,
BaoLiang,male,19980605,2017,2011,shijiazhuang,tencent,anaylst,13936937153,ih08@sohu.com,1ju7474sfe2,
ChengQiang,male,19970813,2016,2011,beijing,apple,anaylst,15747133677,916@126.net,nv5vfmuo,
GuBao,male,19970322,2016,2019,shanghai,alibaba,officer,13199905379,vjnya5u@outlook.com,f87v95h97b,
LuQiang,male,19970812,2017,2019,fuzhou,baidu,officer,15225504475,1uhz@outlook.com,xys1ezmyiwfm,
YangLin,male,19970523,2016,2018,guangzhou,baidu,officer,15298210155,4pzzqer@gmail.com,hyqcjge8xxl,
LiuZeyu,male,19980505,2015,2011,nanjing,apple,designer,15759656912,23ul7@live.com,d9lir8ih7,
ShenKexin,male,19980914,2015,2011,beijing,baidu,editor,13435518191,3msepd@163.com,p8tgl1u1t5et,
LvYuchen,male,19980603,2016,2011,qingdao,meituan,designer,15158058284,obyhrf@ask.com,opg3zhcaxpc7,
CaoXinran,female,19970912,2015,2011,shijiazhuang,tencent,designer,15221516243,nibufz@yahoo.com,fp60l78e,
WangXinyi,female,19980427,2015,2011,hangzhou,baidu,designer,13329752719,zpx@sohu.com,cp49qj22lpl,
ZhouYuchen,female,19970403,2017,2018,nanchang,adobe,manager,15014584759,2awd5@aol.com,oicjq60bym1,
AiHua,female,19970428,2016,2011,qingdao,baidu,engineer,13225987659,w3wfa@live.com,9uh32b7xm8b5,
MaZirui,female,19981105,2016,2011,zhengzhou,adobe,officer,15368143350,jc745@live.com,fcif4euv8xx,
YingXingchen,female,19981210,2017,2019,zhengzhou,meituan,anaylst,15532377227,60kofq@aol.com,rkxpifqfoh4u,
MengZichen,female,19970118,2017,2019,zhengzhou,apple,designer,15152102528,52n@outlook.com,k5dli7xu8ue,
BaoYouran,male,19970725,2016,2019,hongkong,microsoft,editor,13700338120,gj9x@hotmail.com,fkiqrhy5nuv,
ChenYutong,female,19981015,2017,2018,qingdao,xdf,engineer,13104635676,6e51tzu@qq.com,5oyfnah5,
CaoHui,male,19980114,2015,2018,zhengzhou,tencent,developer,13742104645,1kr8@ask.com,30ikal086,
CaoTianyu,female,19980413,2016,2018,xiamen,adobe,anaylst,13444983896,fhy9@126.net,czn07c709,
ZhenghongHaishan,female,19971203,2016,2011,beijing,baidu,designer,15113414034,12x@hotmail.com,2zzmcdiou,
PangYing,female,19980623,2017,2011,hongkong,tencent,anaylst,13524139067,0muyj3@sina.com,rc0a8x3enix,
GuiXiaoyi,female,19970704,2016,2019,fuzhou,google,trader,13287709881,f3z2@outlook.com,3u3ly69m,
FengYuhan,male,19971216,2015,2018,hangzhou,xdf,editor,13363784316,z0z6oj@sohu.com,4msug4ho8g,
CaoHua,female,19970210,2015,2011,shanghai,alibaba,engineer,15553146834,0ner@msn.com,rpquwnhrv,
ChenYuze,male,19970615,2016,2011,nanjing,google,trader,15936517903,sxd59we@yahoo.com,6bixe634y09,
ShenYuze,male,19980213,2015,2019,qingdao,microsoft,trader,13442961701,c5o@live.com,hu1o86apxz,
YuYing,female,19980905,2017,2011,hongkong,xdf,manager,13671717511,2gzd26f@yahoo.com,4gchs1jz90t,
HanYutong,female,19971109,2016,2011,shanghai,tencent,manager,15853019596,apteq0@sohu.com,1z2wq8dnbii,
GuHaoyu,female,19970115,2015,2011,nanchang,tencent,manager,15509243302,z9b@sohu.com,x59tjco94up,
CaoYuxin,female,19980109,2015,2019,shanghai,alibaba,trader,13020877903,mfpav@gmail.com,279y10yqx,
XuXuan,male,19970619,2016,2019,qingdao,adobe,trader,15752628018,5nmcv4e@gmail.com,m5km1xuaer9,
LvLei,female,19970227,2017,2019,hangzhou,microsoft,officer,15650514216,9qvk0lj@sina.com,f9r190dm,
GuiZirui,male,19971107,2017,2011,nanjing,baidu,anaylst,15201516271,1qsr@sina.com,x230herg,
ZhugeJuan,female,19980314,2017,2019,zhengzhou,alibaba,engineer,13753386150,g7691v6@hotmail.com,au346xq5,
GuiTianyu,male,19970108,2017,2011,hangzhou,baidu,developer,15073440576,lahoe3z@live.com,uuez0kmetqq,
NiuYuchen,female,19980123,2015,2011,fuzhou,meituan,officer,13313862266,ca9s5@gmail.com,91d0vai2ncdn,
HuaRui,male,19970925,2017,2018,hongkong,meituan,engineer,15172661557,r1to@qq.com,5pdegtxubqv3,
XiahouYuze,male,19970119,2017,2011,fuzhou,douyin,designer,13821265578,g6nm98@outlook.com,1s834e1s,
CaoZimo,female,19970906,2015,2018,shijiazhuang,alibaba,developer,13537893926,a2x6@hotmail.com,rorsvi8z5s6,
JiangYing,male,19980920,2015,2018,fuzhou,douyin,trader,13164294940,qv28cc@sina.com,bqruieltk4k,
JiangXiaofeng,female,19980615,2017,2011,taiyuan,xdf,engineer,13276326890,021ec@163.com,kfkoutdt,
ShenXingchen,female,19980920,2016,2019,guangzhou,meituan,manager,15268081994,jn1tvr@qq.com,u9vk5egy,
LinYuzhe,female,19970520,2017,2018,hangzhou,baidu,officer,13650874072,pkzn6@sina.com,yrskm2n14t18,
WuYuze,male,19980609,2015,2019,shanghai,apple,trader,15029040833,uhdxpb@126.net,0x6k9rncg6fr,
XuXiaofeng,male,19980105,2016,2011,shanghai,adobe,designer,13786944950,x3epa00@outlook.com,dzvgvgl16,
LiuZichen,male,19980107,2016,2011,fuzhou,meituan,editor,13758539843,zz1za@gmail.com,9d4hbhn6l,
MaYing,male,19971004,2015,2011,shijiazhuang,baidu,designer,15852184694,zwauz@hotmail.com,xc1h3rqs,
GuQiang,male,19981223,2017,2019,shijiazhuang,xdf,trader,13667775121,crbm@qq.com,mqrrl363dus,
XuZeyu,female,19980615,2017,2011,nanchang,meituan,editor,15330955829,50g0@yahoo.com,rz3auajma9k5,
QinXiaoming,male,19980404,2017,2019,zhengzhou,alibaba,designer,13950287365,b2xikv@sohu.com,s1510f3vpwl9,
LiHaishan,female,19970427,2017,2018,guangzhou,xdf,manager,13464975165,msircp@msn.com,g2moiswmym56,
CaoYue,female,19980715,2017,2019,nanchang,xdf,editor,13954943710,0wc1@gmail.com,mr75ypm9,
GuJun,male,19970527,2015,2018,taiyuan,alibaba,designer,15231994566,nfxqbhj@outlook.com,8bkdhyyc3b7,
ShenBao,male,19980505,2015,2019,guangzhou,douyin,engineer,15313122906,s6z9x@ask.com,o1odoa3lpe,
MaoLiyao,female,19971002,2016,2019,hongkong,google,trader,13230569526,gky629@qq.com,s6w29p3g64r2,
GuYouran,female,19970315,2015,2011,hongkong,xdf,anaylst,15548357607,euy@gmail.com,s998f3f4r79,
HanXinran,female,19970613,2017,2019,hangzhou,alibaba,editor,15901247228,1fhj@live.com,tut3tuvovl,
CaoYuzhe,female,19981224,2017,2011,xiamen,alibaba,editor,15934160886,ner0@sina.com,44y99zjbh4w,
WuLiang,male,19981005,2017,2019,zhengzhou,tencent,designer,13000620839,uf2s8@gmail.com,mqf3j22966,
ZhugeHua,male,19980107,2017,2018,nanchang,adobe,engineer,15592531168,2d4h1j1@163.com,b3mycx1qh8w,
ChenZeyu,male,19980316,2016,2018,nanjing,douyin,engineer,15788619854,ltekfv@ask.com,tejiib7re,
YangLei,female,19980419,2015,2018,beijing,xdf,officer,13896226295,m36ld@126.net,khgyxgczo,
NiuBao,female,19980313,2017,2018,qingdao,microsoft,anaylst,15857512001,uj7oc8@gmail.com,3kftnmi1xnx5,
QuanDawei,female,19980309,2016,2011,beijing,baidu,engineer,13750178419,0gxyn@msn.com,mtp24bgqk2,
AiYue,male,19971028,2017,2018,zhengzhou,microsoft,editor,13998158806,4vv8lr@sohu.com,w30qzgqw,
SunXiaofeng,female,19980922,2017,2018,zhengzhou,xdf,anaylst,13417105141,wn6zl@live.com,06r4f07g0pc,
ZhenghongLei,female,19971204,2016,2018,xiamen,tencent,designer,13551511876,lry@yahoo.com,pup4o7goggx,
YuXingchen,female,19981218,2015,2018,hangzhou,douyin,anaylst,13753755507,tm3cz36@aol.com,k7edqhag2vt,
MengXinran,female,19970802,2015,2018,hongkong,douyin,developer,13994847168,zge5ko@outlook.com,l4yit3aye,
ZhaoXiaoyi,male,19971120,2016,2019,shijiazhuang,alibaba,manager,15736312414,bphye91@163.com,5z6291l4a,
AiYun,female,19980101,2016,2011,fuzhou,microsoft,engineer,13554012510,pns@msn.com,jv364pncb,
BaoYuchen,male,19970113,2015,2018,taiyuan,tencent,engineer,15111732023,nqbh7u@sohu.com,gdwzem37dla,
HanXiaohua,male,19971123,2016,2019,taiyuan,xdf,editor,15517347363,bbe@163.com,rgpd9dqy1hiz,
GuYuchen,male,19980926,2015,2019,shijiazhuang,tencent,engineer,13804529219,pba1e@ask.com,2wt41kgv3xp,
GaoYi,male,19980407,2016,2011,shanghai,apple,manager,13397300651,hir43ab@msn.com,8rwvdn3np21i,
WuYuchen,female,19980911,2015,2018,qingdao,baidu,developer,15955054735,u6inty@126.net,gfsqwucelup,
CaoXingchen,male,19980616,2016,2018,xiamen,tencent,engineer,13060563320,k7dc@126.net,4l8k16ywa,
ZhugeYue,female,19970109,2017,2019,xiamen,xdf,designer,13445067926,pwsxfwe@qq.com,m1eudac5,
MengLin,male,19971108,2017,2011,guangzhou,douyin,anaylst,15895449342,x3ofazf@ask.com,g745s0mty00p,
ChenLin,female,19971103,2015,2018,zhengzhou,google,trader,13222075425,af39lu@sohu.com,pfij9prtkvxi,
ChenZirui,male,19970627,2016,2019,zhengzhou,apple,manager,13478070497,yz1yht2@qq.com,fb4beid10jii,
JiangBao,female,19981019,2016,2018,fuzhou,baidu,officer,13564301143,fx3@126.net,7dsf15qlvqj,
ZhugeYun,male,19970606,2016,2019,hangzhou,douyin,officer,15693365622,z2wk@gmail.com,htnh6oc40,
CaoYun,male,19980814,2015,2019,xiamen,baidu,officer,13673746370,jxzoqv@sohu.com,n09qi89j,
QianHaishan,male,19970804,2015,2019,nanjing,tencent,manager,13482958717,90fe0iy@qq.com,j9tykle3cwrh,
ChenRui,male,19980603,2017,2011,qingdao,baidu,manager,15709722026,2iz6@msn.com,b7kq4qetnwq,
GuYue,male,19970707,2015,2018,guangzhou,apple,engineer,15614436798,pwgc@outlook.com,pin0ywwb,
LinHaishan,female,19980601,2015,2018,taiyuan,microsoft,developer,13790088048,9nct@yahoo.com,85g60v6n6bq,
ShenRanran,female,19980414,2017,2019,xiamen,adobe,designer,13391909350,vle7fir@gmail.com,ve7i5ugpt7vs,
LiuYuzhe,male,19970910,2017,2018,zhengzhou,adobe,anaylst,15090262672,7n3@live.com,h7s5koca5bl,
PingJun,male,19981026,2016,2018,taiyuan,microsoft,anaylst,15718033332,lw9@gmail.com,y7cb0u2d9,
LuYuhan,female,19980825,2017,2018,nanchang,baidu,engineer,13201759495,mqw@yahoo.com,33wijxw12,
CaoJun,female,19980911,2017,2019,guangzhou,baidu,manager,13122056324,o3g8@msn.com,noocik7p01v,
WuYouran,female,19970114,2016,2011,shanghai,microsoft,anaylst,15741901507,qnc3@outlook.com,0a1ob2b4ct,
DengYuxin,female,19970206,2015,2011,qingdao,tencent,officer,13015301919,t8k@gmail.com,gdgzxce0x,
ZhugeLiang,male,19980420,2015,2011,taiyuan,douyin,manager,15651201377,fbplsig@163.com,ynji5ogfy2t,
NiuRanran,male,19970827,2015,2018,zhengzhou,alibaba,trader,15855899470,jlqq@aol.com,c6b8a2jlyk,
QianYuxuan,male,19980206,2017,2011,zhengzhou,xdf,developer,13444950213,pjvt@126.net,0zv75qgum,
ZhengYuxuan,male,19980723,2016,2018,taiyuan,meituan,officer,15016291276,2v4@msn.com,5qdhgzd1l,
LvXiaofeng,male,19980520,2015,2011,fuzhou,douyin,editor,13903598775,zz5z4@live.com,oh1zagyj7x1,
ChengYuze,female,19981127,2015,2011,nanchang,adobe,designer,15514256443,tidh2np@sohu.com,grpe1hufxoc,
YangShiqi,male,19980526,2016,2019,zhengzhou,xdf,editor,13874867404,s97n@qq.com,vgvn0nabhpbl,
PingXiaoyi,male,19970504,2017,2019,hongkong,apple,engineer,13753944787,8qbhiws@qq.com,6nhm4m48,
QuanJuan,female,19971003,2016,2011,xiamen,xdf,developer,15187117249,r7en4fb@live.com,4cp5nflmcc3,
LiuYinuo,male,19971108,2015,2018,nanchang,xdf,manager,13523281186,o5b65@gmail.com,lyrgm5eu1c0,
QinZirui,male,19980922,2017,2019,beijing,tencent,designer,13083650869,tu3@aol.com,niqcqb2shy,
HanZirui,male,19980513,2015,2018,shijiazhuang,google,developer,13962668353,olpctp@ask.com,esxo9c1q,
YangYouran,female,19970901,2017,2019,hongkong,alibaba,manager,15874953100,j9361@sohu.com,gki54jpp06m,
CaoYinuo,male,19980109,2016,2011,guangzhou,adobe,designer,15755166414,ng4as6l@ask.com,mlxfc0v9u8az,
JiangYuchen,female,19980211,2016,2018,xiamen,xdf,developer,15253977306,3en@outlook.com,2ajc978jxg4t,
ChenXuan,female,19980123,2015,2018,taiyuan,adobe,anaylst,15935918738,trg@yahoo.com,7ciaa82j0,
ShenXuan,female,19970114,2015,2019,hongkong,xdf,designer,13586338705,kldgj@yahoo.com,fkn95w3iwfw,
QuanYuzhe,male,19980311,2016,2011,nanchang,alibaba,developer,13522492176,cc6fr5@yahoo.com,fu3ngiclzif,
GuYun,female,19970324,2016,2011,fuzhou,baidu,designer,15040168468,tpqep@126.net,55rvhgonmhk,
BaoXiaohua,male,19980707,2015,2019,fuzhou,google,developer,13418702623,w3azm9y@outlook.com,0bcvfnjp,
MaoLiang,male,19980810,2016,2011,qingdao,apple,officer,15528001507,rzpu@163.com,m5t8tm4wbqsb,
DengRanran,male,19970114,2016,2019,shanghai,apple,anaylst,13127020350,bws3ik6@163.com,o9gl414in5q6,
LinYuxin,female,19970809,2015,2011,fuzhou,apple,designer,15904612225,uum@ask.com,wretorjlm5m,
XuLiang,male,19980504,2017,2011,nanchang,microsoft,trader,15717140905,2k0kn@163.com,9597a8tlxuhq,
AiHaoyu,male,19970520,2015,2011,guangzhou,tencent,designer,15615782498,yn60@163.com,qmmmstqjsbi,
PangYuhan,female,19971206,2017,2018,hangzhou,microsoft,engineer,15912531882,m099@163.com,f7ft7c2qn,
YuHaishan,female,19980205,2015,2011,taiyuan,apple,developer,15168039073,lj1w2qa@ask.com,54l5eqd8a,
GuHui,male,19980610,2016,2019,xiamen,baidu,anaylst,13669961208,tugt8bb@live.com,tc1s5yjpjo,
ShenXinyi,male,19970318,2016,2019,nanchang,baidu,anaylst,13521746614,byk7sx@aol.com,ihzn941g,
YingLei,male,19980426,2016,2019,shanghai,microsoft,anaylst,15391729392,rhf@126.net,2fh655xl,
FengXuan,male,19980223,2016,2018,taiyuan,microsoft,designer,15179403327,01sv8@ask.com,xtqpli6fr,
FengYuchen,male,19970623,2016,2011,fuzhou,google,trader,13840334217,v7m7v@yahoo.com,3dz3vuf3,
MaXiaotong,male,19970107,2015,2019,guangzhou,xdf,trader,15048840640,x3mn@aol.com,c41zr3l68e,
GuYuhan,male,19971123,2016,2018,hangzhou,meituan,officer,13004300736,fwoar@outlook.com,z3cur5qpfw,
GuHua,female,19970711,2017,2018,guangzhou,tencent,officer,13017534097,wdf4q@ask.com,00ifophk7f5,
HanTianyu,male,19980409,2015,2011,fuzhou,tencent,engineer,13469203995,p33mi@126.net,52l0u9u8c,
ChengLei,female,19970924,2017,2019,qingdao,alibaba,manager,15883797664,481q7g6@gmail.com,wqp2s861,
SunTianyu,female,19980501,2015,2011,fuzhou,meituan,developer,13688665777,ooy@msn.com,xdqw5vwj3,
HuaXingchen,female,19970602,2016,2018,taiyuan,baidu,editor,15948369245,9ueh@sina.com,xcn6a5h0,
MaRanran,female,19970725,2015,2018,shanghai,adobe,officer,13333101099,ieljnhc@qq.com,wmswu9nk2,
LuZichen,female,19980808,2017,2019,xiamen,microsoft,designer,15623605476,3z786v@sohu.com,6x8i3ztw,
GuShiqi,female,19970709,2017,2011,shanghai,google,officer,13084056115,mhw43@aol.com,mpjz35jomqt0,
QianXingchen,male,19971128,2016,2011,hangzhou,microsoft,engineer,13860117574,qpk@msn.com,rtyh44ro,
NiuLin,female,19971022,2015,2011,zhengzhou,baidu,anaylst,13860592951,cqp@live.com,3773hns5,
GaoRui,male,19980726,2017,2011,zhengzhou,apple,trader,15338194352,wlr4w@sohu.com,x6loz9tz6wh,
ZhouYuzhe,female,19980901,2016,2018,shijiazhuang,baidu,manager,15691346954,dtk@sina.com,hb67dc7g,
XuJun,male,19970327,2016,2018,guangzhou,meituan,trader,13248760936,rln7gaz@163.com,w7xyl23lyho,
WuLiyao,male,19980407,2015,2019,nanchang,meituan,trader,13986207504,uhczhj6@ask.com,1vj7e9pw,
YuXinyi,female,19970220,2016,2019,guangzhou,baidu,designer,13736573195,hjy9@gmail.com,lp1no3u3tsz,
PangShuxia,male,19980915,2016,2018,shijiazhuang,tencent,engineer,13084130892,kst@gmail.com,eollcifc,
ZhengXuan,male,19980822,2017,2011,nanchang,douyin,anaylst,15390475428,xsnhq8@126.net,mhl1ihksdtc,
WuBao,female,19970316,2017,2011,hangzhou,douyin,manager,15729503511,m1sh@live.com,8repbyxb,
NiuRui,male,19970301,2016,2019,xiamen,alibaba,manager,13432403192,0gc@ask.com,9bf452cumol,
MengZimo,male,19981114,2015,2019,nanjing,baidu,trader,13790604473,1b0@aol.com,3m2ldszuf5,
YuHui,female,19970326,2016,2019,qingdao,alibaba,engineer,13192432209,6qum@gmail.com,gjb23hwyfa,
FengXiaoming,female,19981001,2017,2019,guangzhou,apple,anaylst,15728527167,iio84@163.com,fj4in19o080f,
DengXiaotong,female,19980802,2016,2019,nanjing,tencent,anaylst,15190204871,xh1@yahoo.com,lli4r9ofb,
FengYi,female,19971222,2017,2011,nanjing,adobe,designer,13685198685,im09@gmail.com,kgxfxe42d,
JiangLin,male,19971121,2016,2019,hangzhou,baidu,editor,13258895987,b29rt@ask.com,huibajms,
ZhugeYuchen,female,19971115,2017,2018,zhengzhou,adobe,anaylst,15816103123,qbyham@aol.com,1ac9gi2k,
ZhouYinuo,male,19980714,2017,2011,nanjing,tencent,developer,13972475112,w7s@gmail.com,9i264jzb1,
CaoBao,male,19980628,2017,2018,shijiazhuang,xdf,designer,13179896521,03p91zf@gmail.com,xy9she5b,
WuHaoran,male,19970904,2015,2011,fuzhou,google,developer,13079555356,a42@sina.com,9sgg379j7,
LiuYing,female,19981001,2015,2011,guangzhou,baidu,trader,15121440518,n9egs@126.net,5nosruh0,
GuShuxia,female,19980815,2017,2018,hangzhou,adobe,officer,15229819698,6fs7b@msn.com,knkyremw,
ZhengHui,male,19980301,2017,2018,hongkong,adobe,designer,15352284154,0f1c0@aol.com,hxe23b6wryy,
MengYi,male,19980113,2015,2011,zhengzhou,xdf,trader,13922027434,sbz@126.net,fov7bzu1,
YuYouran,female,19970822,2017,2011,shanghai,alibaba,designer,13241497561,58rr@msn.com,dto93noi,
JiangXinyi,female,19980414,2017,2018,zhengzhou,alibaba,anaylst,13159228712,v919l@outlook.com,0y0p615d,
ZhengHua,female,19981010,2016,2011,xiamen,meituan,developer,13642497501,ws6b@ask.com,v6xxvvrgh,
WangYinuo,male,19971123,2017,2011,taiyuan,microsoft,designer,15263805309,8vep0@outlook.com,4t1rau321vk,
JiangXuan,male,19981207,2017,2011,hongkong,xdf,anaylst,15528856858,1a1@126.net,dp04hhd9b6n,
XiahouXiaoming,male,19970725,2017,2011,qingdao,baidu,developer,13199961387,fyebffp@msn.com,1o1sqictuz,
MaLiyao,male,19980222,2017,2019,qingdao,tencent,editor,13820128509,pts@qq.com,ph9bo91uqf,
YingZeyu,female,19971209,2015,2011,fuzhou,apple,anaylst,13567458427,ryis4h9@sohu.com,tngc8n0xm,
ZhuDawei,male,19971119,2015,2019,hangzhou,meituan,editor,15009389333,lay@163.com,822egghbit,
FengHaoyu,female,19970224,2016,2018,guangzhou,douyin,anaylst,13973265236,pxmztn2@live.com,omdqw3et,
HanZimo,female,19980609,2015,2011,hangzhou,microsoft,developer,15574430494,o1il@qq.com,m6vkp9rdy68j,
QinZimo,female,19970909,2017,2011,qingdao,microsoft,engineer,15529236202,bi77yau@aol.com,gae9go34h6ko,
ChengShiqi,male,19970719,2015,2018,beijing,meituan,engineer,15037422142,momy@163.com,ki7duabq,
ShenQiang,female,19970111,2017,2011,nanchang,xdf,trader,15829346962,mobhfc@aol.com,7f6gjavk5,
LuShiqi,male,19971205,2015,2011,shanghai,microsoft,developer,13034599804,5kf@msn.com,8o1h3n6xl,
GuHaoran,female,19970801,2017,2018,hongkong,douyin,anaylst,15044296292,pmycnh@hotmail.com,481q3cleytua,
ChenHaoran,male,19981120,2015,2018,nanchang,google,anaylst,13513563972,2zh1b3@live.com,oxrjew1xz,
XiahouYuxuan,male,19970613,2016,2011,guangzhou,douyin,developer,15785180608,gyj0eft@ask.com,za0xlifrrm4,
AiKexin,female,19980723,2015,2011,shanghai,adobe,officer,15118928850,ydc@sina.com,hvvmipym,
XuXiaoyi,female,19980114,2016,2019,nanchang,baidu,developer,15928430004,g0dsp8t@yahoo.com,ratu4i0u,
YuYichen,female,19980102,2015,2018,hongkong,adobe,officer,13467323185,gur3@gmail.com,r5excarnvls,
QianXiu,female,19971014,2015,2019,beijing,adobe,developer,13454386298,1ai@ask.com,dd7vp664,
LvHaoran,male,19980720,2015,2018,hongkong,adobe,editor,15514966976,ux7@outlook.com,brcux1ptx1ea,
LinXinyi,male,19970706,2017,2011,nanjing,douyin,engineer,13303856474,374dx5@gmail.com,t6717hv3,
ZhouHaoran,female,19981110,2015,2018,qingdao,microsoft,officer,13805400568,6q2@hotmail.com,8b9xz4fliyb,
ZhenghongShuxia,female,19970721,2016,2019,nanjing,google,officer,15228620364,g9sjvke@live.com,c0h93oknf0qq,
LvZimo,male,19981006,2017,2019,zhengzhou,xdf,anaylst,13430571143,f2a5@126.net,io1mkuy8,
MaoXiaofeng,female,19970411,2016,2018,hangzhou,apple,designer,13574356886,0gnq6i3@gmail.com,jyecf5xq242,
QianYuhan,female,19971218,2016,2011,qingdao,adobe,officer,15711738630,u7o95@163.com,so9vjeqbunmb,
HuaHaoyu,female,19970102,2015,2018,xiamen,tencent,anaylst,13871432584,dtclj@163.com,shfdbbxa,
GaoXiaohua,male,19981016,2017,2018,zhengzhou,tencent,engineer,13092357073,ahghkmn@hotmail.com,l4kuzatn,
QianLiang,female,19981126,2015,2018,nanchang,meituan,editor,15041524109,iuu@ask.com,2riza295bf,
ZhouYuxin,male,19970323,2015,2019,xiamen,douyin,manager,13486925729,gud1bp@yahoo.com,fqbzerwi3k7,
FengZeyu,male,19970802,2017,2011,nanchang,google,anaylst,13583162035,ik4mr@sina.com,lpo348ypqzz,
PangLei,male,19970524,2017,2019,hangzhou,google,editor,13288644423,fn4jqg@126.net,vjwnghrvsa6,
JiangQiang,male,19980821,2017,2018,fuzhou,xdf,developer,15559819770,0red@qq.com,fb1e9xs68,
YuTianyu,male,19970911,2015,2018,hongkong,apple,manager,15611983046,b6wj@sohu.com,53f8btxq9m5,
ChengLin,female,19970221,2017,2011,shijiazhuang,tencent,officer,13212886922,4nlozax@gmail.com,mpt9x4a0xe,
ZhuZimo,male,19970902,2017,2018,shanghai,douyin,designer,13449533019,r69@live.com,mwzr99un6,
YingLin,male,19981120,2017,2011,beijing,meituan,officer,15105437016,mtvbi3h@msn.com,9qiy0s6dsi,
MaoYuzhe,male,19970607,2017,2019,hongkong,douyin,trader,15773023604,llenkto@outlook.com,bihdzy2dl,
ZhengZeyu,female,19981210,2016,2011,qingdao,baidu,engineer,15385207117,pkh@yahoo.com,2n8czxmr83l,
ZhengXiaoyi,male,19980525,2017,2019,fuzhou,apple,designer,13183990669,bks@sina.com,1l40bjmn2b89,
QuanZirui,female,19970714,2016,2019,hangzhou,apple,trader,15130264828,ntqm5@yahoo.com,98dm2z2fz4,
LiuXiu,male,19980315,2017,2018,taiyuan,tencent,developer,13992314890,ixdsw0@live.com,szdjij88koj,
WuJun,female,19970423,2016,2018,qingdao,microsoft,editor,15124546005,am2@sohu.com,pu6p9cg9lhgm,
LvLiang,male,19980227,2015,2011,beijing,meituan,editor,13123030004,pak2p@yahoo.com,guvnhijc,
YingRui,female,19971002,2015,2011,hangzhou,adobe,manager,15396882275,1fod@163.com,l8s3bhu5,
YangYichen,male,19970601,2015,2018,hangzhou,alibaba,officer,13918573996,kjyetd@163.com,ympv14q3h,
PangXuan,male,19970806,2015,2019,shijiazhuang,alibaba,editor,13741998051,xcl@live.com,fkc79bl1,
PangXiaoming,male,19970216,2016,2011,nanjing,microsoft,developer,15381423075,y56tv8l@ask.com,93y6xuhv,
NiuHaoran,male,19981013,2016,2011,zhengzhou,xdf,trader,13518194067,vb5l@126.net,9gvnuifcd,
JiangYichen,female,19980914,2016,2011,nanjing,baidu,designer,13617951263,76m@sina.com,5cuszoluavs,
ZhuXinran,female,19970813,2015,2019,beijing,baidu,developer,15536632776,njh@126.net,lzoehqf2r,
ZhaoHaoyu,female,19980907,2017,2011,beijing,microsoft,officer,15113652268,adcp3ts@gmail.com,fwbb1vdwiqh,
FengShuxia,male,19980622,2017,2018,nanchang,alibaba,engineer,13704387889,3u5ir@ask.com,0po2frsl8a,
MengDawei,female,19970619,2016,2018,shanghai,baidu,officer,13128857075,x70b57@live.com,jn0pjhal1tm,
PingYuxuan,female,19970614,2015,2018,beijing,microsoft,officer,15311277575,ci7i@hotmail.com,yx3ln6pd2jd,
ZhugeXiaofeng,female,19970513,2016,2018,qingdao,douyin,designer,13274771732,whfb@outlook.com,woyl93ssuqt,
LiuYichen,female,19980720,2015,2018,fuzhou,apple,manager,15988749313,npt9j@126.net,4lifipzcuo37,
NiuYuhan,female,19980923,2015,2018,guangzhou,microsoft,officer,13717618670,7sv1t@sohu.com,o3yhwjtuevxy,
AiLiang,male,19970514,2017,2018,hangzhou,meituan,anaylst,15133460539,w6z6@126.net,0mp0un5t,
PingXiaofeng,male,19980502,2017,2019,beijing,xdf,editor,13405619516,2vz@sina.com,6yk3yye53,
SunZimo,male,19971118,2016,2011,shanghai,meituan,manager,13716931861,80ov@ask.com,e1g0rc0kt5,
ZhengYuze,male,19970719,2015,2019,guangzhou,adobe,editor,15155375040,c90e7ts@msn.com,z7w3w8s6gu6g,
ChenYing,male,19970805,2015,2018,shanghai,apple,developer,13529821589,16t@yahoo.com,zcck29ck,
MengYichen,male,19981125,2015,2018,nanjing,baidu,officer,13762795233,tg7ev@yahoo.com,w614njkhoxz,
HuaXinyi,female,19980919,2015,2019,shanghai,apple,trader,15907759353,teupz8@outlook.com,rjx1eypfd8,
YuYutong,male,19970209,2015,2019,beijing,tencent,trader,13367294790,hm4o@live.com,il9szi6d4gb7,
HuaLei,female,19981228,2015,2019,fuzhou,meituan,designer,13473917769,slkja9@ask.com,u79e2xdc8,
BaoJuan,female,19971217,2017,2011,zhengzhou,douyin,officer,13250338956,02w8ajp@gmail.com,nopg84dks,
JiangYuze,male,19970723,2016,2019,shanghai,alibaba,officer,13991731268,104@aol.com,9ff2ppm176,
ChengYuhan,female,19970915,2017,2019,fuzhou,adobe,engineer,15306276020,crei@sina.com,6dccu4f2,
WuYue,female,19981003,2015,2011,guangzhou,microsoft,anaylst,13502189269,3lv@msn.com,2rqmdp09al3o,
HuaKexin,male,19970324,2016,2019,beijing,apple,editor,15176996777,xnc8q@hotmail.com,h5inl16a5,
ZhuXiaotong,female,19970713,2015,2019,hongkong,alibaba,officer,13833956714,tmo2@qq.com,atjo1dr60,
ZhouXiu,female,19980217,2017,2011,guangzhou,douyin,anaylst,13296426643,g3vn@gmail.com,ykpbxwfdc4k,
WuYun,male,19970322,2016,2018,nanchang,baidu,officer,15158369317,0ngb@gmail.com,1uu9sohbgxw,
LiZirui,female,19971022,2016,2018,shijiazhuang,apple,editor,15263463027,xwp@qq.com,jike9cibkk,
WuXingchen,female,19970615,2016,2011,shijiazhuang,meituan,editor,15254417541,4cyoi@gmail.com,9f0g0bfg8mp,
LiJun,male,19970904,2015,2019,nanchang,apple,designer,15600071588,o64@sina.com,nopgdz0d,
WangYuxin,female,19970104,2017,2011,shijiazhuang,adobe,anaylst,13827808684,wbhqk@aol.com,kdzrd3wmg03f,
PangZirui,male,19971028,2015,2011,guangzhou,alibaba,trader,13038999873,hm57@qq.com,tcuvimbe9rz,
ZhuZeyu,male,19970709,2017,2011,hangzhou,microsoft,engineer,13184720471,mgaviqr@yahoo.com,8hpgswlg,
GuYutong,male,19980125,2016,2018,beijing,microsoft,anaylst,13812812004,iilfyas@126.net,no5is474b5,
ChengYuchen,female,19980711,2016,2018,xiamen,alibaba,anaylst,15123458062,u74@126.net,zk1xv253,
LuZimo,female,19970126,2016,2018,shanghai,xdf,developer,13724852874,3vk@ask.com,h27zbt60,
ShenZimo,female,19980211,2017,2018,hongkong,adobe,developer,13510426166,4ru6@ask.com,r67kb9r3v4a,
QinYuxin,male,19970912,2016,2011,fuzhou,tencent,manager,13235045665,v7fs5@yahoo.com,tta2hi3ntvj4,
ZhenghongJun,female,19980506,2016,2018,qingdao,apple,manager,15086233140,8kj@yahoo.com,q4t51xlrqbx,
WuXiaotong,female,19980727,2017,2019,hongkong,meituan,officer,13834523427,pmzu@ask.com,9mrlho4lsc,
XiahouZichen,male,19970827,2016,2019,hangzhou,baidu,trader,13025919813,il1ij9n@163.com,u6p1f1tnn,
ChengXiaofeng,female,19970917,2015,2018,hongkong,apple,officer,15836913919,bcc19@live.com,kqvp8tidxx,
XiahouZimo,male,19980305,2015,2018,hongkong,douyin,engineer,13620941206,av3q@hotmail.com,e3qc8wl65fc2,
ChengXinyi,female,19970927,2015,2019,shijiazhuang,tencent,trader,13795186209,4gst@sohu.com,f6ckwbt9a1l,
DengYichen,female,19970925,2016,2019,hangzhou,alibaba,developer,13065891607,iett@sina.com,0i6bjwacjy,
YuKexin,male,19980320,2016,2018,nanjing,apple,designer,13978331162,i2o@sina.com,cmjtnwi0s3,
YingHui,male,19981026,2016,2019,fuzhou,douyin,designer,15703695847,nha@msn.com,fh1qu5t9r87,
MengHaishan,female,19980506,2016,2019,beijing,apple,trader,13134425489,5b0i@aol.com,9hektwa5,
DengLei,male,19980206,2016,2019,shanghai,meituan,editor,13255849057,4uuxpw@outlook.com,acccjiby,
PingYutong,male,19980909,2015,2011,nanchang,tencent,engineer,15530441230,s32@live.com,xcv0q8yw2,
LiuXinyi,male,19980510,2017,2018,xiamen,apple,developer,13328841324,7e9jl@yahoo.com,qu1qu9218,
NiuXiaotong,female,19971226,2015,2018,taiyuan,douyin,trader,15266882755,7va@gmail.com,adlr7vndpqhu,
ChenYinuo,male,19980222,2015,2019,nanchang,google,engineer,15817085669,w32@126.net,19ibdlis5q,
ZhuLiang,female,19970611,2017,2018,guangzhou,microsoft,designer,13463496948,9o2yptr@hotmail.com,14846cjjg,
ChenYuchen,female,19970911,2015,2019,shanghai,baidu,officer,15851286015,3t7hz@msn.com,c9tedcw8s3,
YangXiaofeng,female,19970410,2016,2018,nanjing,apple,officer,13606528313,migs8@sina.com,bs21y4saaj4,
QuanXiaofeng,male,19981027,2015,2019,guangzhou,alibaba,manager,15185499501,x8uxq@ask.com,za9tj5y6p8n,
CaoKexin,male,19981112,2016,2011,beijing,alibaba,designer,13524776259,ssrysf@msn.com,rbr8xh7y,
NiuYichen,female,19981016,2017,2019,qingdao,tencent,anaylst,13552024661,7fm2vxa@qq.com,ji75n7r0l,
QuanLiyao,male,19971226,2017,2019,hongkong,microsoft,engineer,13738565120,xrpfqt0@live.com,fflqsmv43,
GuDawei,female,19980812,2015,2019,qingdao,google,officer,15570264628,fh7cq70@outlook.com,zzcwhjrwu8x,
PangXiaoyi,female,19970324,2016,2019,nanchang,xdf,trader,13505815026,nj0en4u@yahoo.com,b4z2h5ij78l6,
ShenXiaoming,female,19970921,2016,2011,qingdao,apple,manager,15643903814,at8@qq.com,ngptvftz7149,
WuZimo,female,19980525,2017,2018,qingdao,douyin,anaylst,15844436232,rz5eym@yahoo.com,ocqdxaxf,
PangXingchen,male,19970926,2017,2011,guangzhou,xdf,engineer,15944767454,h6r4j@msn.com,8pkuvuch0w,
LiYinuo,male,19980904,2017,2018,taiyuan,microsoft,anaylst,15354365231,t8p4@sohu.com,9yr10ydnl,
YuYuchen,female,19970209,2015,2018,shanghai,microsoft,engineer,15747012248,nwbdbog@yahoo.com,0gny9dsn1n8,
ZhengZichen,female,19970319,2017,2018,beijing,microsoft,officer,15257064072,7b4pcax@outlook.com,verzbmits1,
LiHua,male,19971005,2017,2011,taiyuan,apple,designer,15195715770,p41abt@qq.com,vj5a8yl4,
XuXiu,female,19970113,2017,2019,shijiazhuang,xdf,anaylst,13414570722,hfszb0y@sohu.com,p2gcbbedgk0,
FengLiyao,male,19980613,2017,2011,hongkong,baidu,anaylst,15787835539,3xmyi@sina.com,apgt3js11o,
AiYuxuan,female,19971206,2017,2019,taiyuan,xdf,officer,13119894762,dk0d5c@outlook.com,h2vp1mktet,
ZhugeYing,male,19970626,2017,2011,beijing,meituan,editor,15626091266,n6f@sohu.com,0w9fw5boev,
WuZichen,male,19970106,2017,2011,zhengzhou,xdf,anaylst,15769224179,yq9or@yahoo.com,ipfotlvqr7lw,
PingHaoyu,female,19970427,2016,2011,nanchang,baidu,trader,15193402810,iude@yahoo.com,kv4xg4a8r,
ZhenghongXiaoyi,female,19980806,2017,2018,fuzhou,douyin,anaylst,15332034218,9pddv3@sohu.com,o7svshot,
YingYue,male,19970601,2016,2018,xiamen,google,engineer,15001458451,15f@ask.com,4jhpw1cptl60,
ZhugeYuxin,male,19970516,2017,2018,hongkong,alibaba,anaylst,13739013288,95jc@ask.com,cn1cgw4l8bo,
BaoRui,female,19970812,2017,2019,qingdao,google,designer,15221424449,y1n@gmail.com,zis8amv9s,
LvBao,female,19980716,2016,2011,qingdao,meituan,manager,13181878732,hg59n@126.net,4z8k7xtp,
ZhenghongYun,female,19980506,2015,2018,fuzhou,alibaba,engineer,13395572745,tw35@hotmail.com,y6eu6r35mwq,
QianRui,female,19980503,2015,2019,shanghai,meituan,trader,13486187307,iwbdyz@sina.com,2nc9lm19,
YangYuchen,female,19980414,2017,2018,taiyuan,xdf,engineer,13900556308,44h@163.com,ve02j91luq,
QinXiaohua,male,19980104,2015,2011,guangzhou,xdf,editor,15709408043,up1dhy@sohu.com,2mzj0dm0,
FengZichen,male,19970626,2015,2019,beijing,tencent,manager,13111749875,ron1@sina.com,ysp1k6gkvw2s,
DengZimo,male,19970307,2015,2011,qingdao,google,officer,13215608474,ufgylvo@msn.com,iuujc7692u38,
YingJuan,female,19980906,2016,2018,zhengzhou,douyin,trader,15964716009,gttxos3@yahoo.com,hnxjxv492jvs,
GaoZirui,male,19980410,2015,2018,zhengzhou,alibaba,designer,15303313143,ybbd@sohu.com,bfrdhzny,
MaoRanran,male,19980620,2015,2018,hangzhou,google,editor,13432799472,owr@live.com,zintjfjvf5k7,
YangXiaoyi,female,19971227,2016,2018,xiamen,alibaba,trader,15876022394,3bo8f2@live.com,bz9me6ftqxrd,
ZhouLiang,female,19980520,2017,2019,shanghai,alibaba,trader,13134154908,3p6@msn.com,a7u68p88zcg,
ZhouXiaotong,female,19980808,2015,2018,fuzhou,apple,trader,13336877570,vp7x@yahoo.com,71l2ws1p48,
WangYi,male,19980919,2016,2018,fuzhou,apple,officer,15773472077,3wm@outlook.com,8p35yyc5rsn,
DengXingchen,female,19971202,2015,2018,xiamen,microsoft,anaylst,15162521524,lr5xm@ask.com,univ1wk3mm,
ZhuXiaoming,female,19980922,2017,2011,qingdao,microsoft,editor,15766745544,ztq7jsa@sina.com,2j6kvezg,
YuZeyu,male,19971121,2017,2019,zhengzhou,douyin,officer,15171985705,nqky@gmail.com,2i13b360dn,
WuYuhan,female,19970404,2016,2011,nanchang,alibaba,officer,15982928714,hkf@qq.com,75akfb98fi0,
ZhenghongXiaofeng,female,19970625,2016,2019,hongkong,meituan,engineer,15528310293,l7b1nfz@aol.com,jqjqh8ec7a8,
QianYing,female,19981001,2016,2018,taiyuan,microsoft,editor,13688430286,fv21@sohu.com,4xw49of62m1,
ZhenghongBao,female,19970119,2016,2019,shanghai,douyin,developer,13973398689,tl132@qq.com,7bw9j7w2w,
BaoLin,female,19971111,2016,2019,xiamen,xdf,manager,13827971666,u4kun3@gmail.com,xr0xsuje4,
QuanLiang,female,19980721,2015,2011,nanjing,tencent,trader,15247089839,qdn1g83@qq.com,tueesoh7lj,
AiXinyi,male,19980928,2017,2018,hongkong,baidu,anaylst,15968704846,yc2c8@qq.com,u2opr6m8gqa,
GaoYing,female,19971206,2017,2019,zhengzhou,xdf,engineer,15589492813,lko55za@live.com,zxs9330zdfrm,
HuaXiaotong,male,19981115,2017,2019,beijing,apple,designer,13477609595,jzt1rx6@126.net,w3s35do7dood,
ZhuHaoran,male,19970926,2017,2018,nanjing,tencent,officer,15124234987,pq5d7cf@live.com,ymxugezs9v,
QinXinyi,male,19980323,2015,2018,hongkong,baidu,anaylst,13862079461,jw9iio4@qq.com,o9652v75a,
LuYi,male,19980618,2017,2011,qingdao,douyin,editor,15534495914,5x0@126.net,qzz05yd3p,
QinXiu,female,19970902,2016,2019,fuzhou,xdf,trader,13638028393,zg68h9y@sohu.com,9vehdks8s4zs,
YingKexin,female,19981015,2017,2019,nanjing,adobe,editor,15642872065,65j2hgk@gmail.com,749x29w5ig9p,
YangKexin,male,19970617,2017,2011,hongkong,tencent,developer,15338263215,m2tt@163.com,jdfiafb08cq,
LvYouran,male,19981125,2016,2011,shijiazhuang,baidu,officer,13855661615,q9yo@outlook.com,xq0s5hc2,
XiahouQiang,male,19981023,2015,2018,taiyuan,meituan,manager,15195771241,s8dr@aol.com,adanud63h4,
MaHaoran,male,19970120,2016,2011,guangzhou,meituan,trader,13128333051,uwr@live.com,9qzs66p9c02u,
WuXiu,male,19970724,2015,2019,taiyuan,microsoft,developer,13162387328,ilgt@yahoo.com,i8dscg4ff3e,
FengXinran,female,19981013,2017,2011,fuzhou,meituan,manager,13600499722,bpyt55@sohu.com,nqso3mhf,
CaoRui,male,19970412,2015,2011,hongkong,baidu,officer,13782835721,2zru@aol.com,9pcru9rm,
ZhengLiang,male,19980604,2016,2011,xiamen,xdf,officer,13349211619,p1vrp@outlook.com,qcgdk14e,
JiangXiaohua,male,19970615,2017,2011,hangzhou,meituan,engineer,13601649748,hl7rl@yahoo.com,ayu8egtest,
QianXiaoming,female,19970608,2017,2019,nanjing,tencent,designer,13561667763,lurdd@163.com,bgntru4ds1,
PangYuze,female,19970515,2016,2018,shijiazhuang,douyin,manager,13423866113,hd4f9j@163.com,4nxxvixjla4,
QuanBao,male,19970209,2017,2011,nanjing,meituan,developer,13161475137,7h4u4@msn.com,4zlkd1nfd,
CaoZeyu,male,19970322,2016,2011,beijing,apple,officer,13631245413,gt3@outlook.com,o4ta0pv7xt99,
MaoXiaotong,male,19980304,2017,2018,zhengzhou,meituan,anaylst,13026755187,bjap@163.com,a709fd7z2,
ZhenghongLiang,male,19970308,2016,2019,hangzhou,baidu,anaylst,13299345486,1tzxad7@yahoo.com,s2ysx6v1,
ZhugeDawei,female,19980307,2015,2019,fuzhou,microsoft,editor,13834155337,k1vk@aol.com,n0wr5zdvjch,
HuaYuzhe,male,19980804,2015,2018,nanjing,alibaba,editor,13008258897,7gn1@live.com,1sxz000758,
FengLiang,female,19980903,2015,2011,taiyuan,xdf,officer,13362762131,o2vtl@qq.com,4wpfjqy6a,
YuYuze,male,19980427,2016,2011,xiamen,adobe,developer,15269336987,cdy3ja@163.com,q90j4q06,
WangXiaotong,male,19970428,2015,2011,shanghai,apple,manager,15303812366,7vu3un@aol.com,z3qsyumz6c,
AiRui,female,19971006,2016,2018,hongkong,xdf,developer,13810532947,6sfanp@live.com,7sem7ag5vvel,
YingXinyi,female,19970802,2015,2018,shijiazhuang,adobe,developer,15918533994,dz5y@163.com,ec3dwzs23,
WuXinran,female,19970327,2016,2019,taiyuan,apple,developer,13460629614,khhnij@outlook.com,hecsthg2,
GuiYinuo,male,19980513,2015,2019,fuzhou,baidu,designer,15345449173,oebpi4z@gmail.com,zs61ba3x1gi,
YingXiaoming,male,19981024,2016,2019,qingdao,alibaba,engineer,15645822162,lf4sxrm@hotmail.com,8wzdrxo23cqg,
GuiYichen,male,19980519,2017,2018,nanjing,tencent,anaylst,13416174567,yd2s@msn.com,3kits5la,
HuaHui,male,19980601,2017,2019,taiyuan,google,engineer,15203725821,lvs5si@yahoo.com,47os5cemexl5,
LiuDawei,male,19971208,2016,2018,taiyuan,xdf,manager,15891649327,yaywpzu@126.net,w5zi80yp,
LuYutong,male,19981211,2017,2019,nanjing,meituan,officer,13565857568,ex7@126.net,outcsp8pn2o,
ZhengTianyu,female,19980914,2016,2019,taiyuan,alibaba,trader,13337264504,cy4xhhi@qq.com,pyh0su9udf,
DengYi,male,19970525,2015,2011,taiyuan,adobe,editor,13729058412,oonqm3@qq.com,g3orn666g,
ZhouLei,female,19970916,2015,2018,shanghai,microsoft,anaylst,15800274069,vdf@msn.com,sohsnz8c91d,
JiangHaishan,female,19971116,2015,2011,taiyuan,meituan,manager,15679366067,zu7c81@gmail.com,xa39g5udii6f,
WangShuxia,female,19970826,2017,2018,hongkong,tencent,editor,15509018405,ued7@sina.com,2vi1zqsxh,
DengKexin,male,19980815,2016,2011,shijiazhuang,alibaba,developer,15879997881,m4y@sina.com,8hhnbsdu6w,
GuYichen,male,19970707,2016,2011,taiyuan,baidu,engineer,13898010692,rejug@outlook.com,9ndjo6f7,
AiQiang,male,19970213,2017,2019,qingdao,baidu,anaylst,15558306730,2aoyr31@ask.com,3rwh3l4u7z,
YingBao,female,19980117,2015,2011,beijing,meituan,anaylst,13453080539,ofis@sohu.com,6y94lzzcbq,
ChengBao,male,19971009,2015,2018,xiamen,google,trader,13214312468,2o8@163.com,1f8yx4tq,
YuXinran,female,19970825,2016,2018,xiamen,alibaba,editor,15780403454,gre9atp@sohu.com,ji8mr5zsdenk,
ZhaoYuze,female,19981225,2015,2011,shijiazhuang,douyin,anaylst,15962027603,msd@yahoo.com,jdfnqhl3,
LiYuchen,female,19970128,2015,2011,nanchang,apple,designer,13192475350,8rn2@live.com,db266uz5,
LuRanran,male,19971203,2017,2018,nanjing,adobe,developer,13170846029,kgx@sina.com,2663oj84q7p,
LinZirui,male,19970923,2016,2011,shijiazhuang,xdf,trader,15534330555,yqdp@live.com,37w2i3lhuq,
XuXiaotong,male,19970304,2017,2018,shijiazhuang,apple,anaylst,15654935487,6nelq82@sina.com,vwzz0xa8zvp,
ZhaoHaishan,female,19971227,2015,2011,beijing,microsoft,designer,13013807187,nzetne@gmail.com,aff7neqohdw,
QuanYutong,female,19970614,2017,2018,fuzhou,xdf,trader,13307580472,xevp@outlook.com,cz5sk857j,
MengLiang,female,19970113,2016,2019,xiamen,adobe,manager,13075219034,5jx6t9@sohu.com,8fuj3acy,
MengYuhan,male,19970423,2017,2018,guangzhou,tencent,officer,15951095181,dgjvj@163.com,q5dwfu1yd,
XuYuhan,male,19971015,2015,2011,guangzhou,google,editor,13309799742,99hu@yahoo.com,cevflnw89,
QinJuan,male,19980310,2015,2011,fuzhou,baidu,engineer,13135259452,gvzlkbh@126.net,yjjrk4zwcz1,
GuiBao,male,19970513,2015,2011,beijing,tencent,engineer,15705469685,n1b4@sina.com,f1nvz9ubyb,
YuXuan,male,19970901,2016,2019,nanjing,apple,designer,13941456243,u5z9@outlook.com,8asrcj10h,
HanYuchen,female,19970821,2017,2011,zhengzhou,douyin,designer,13067291390,8okw@live.com,memkl3v6c,
YuYi,female,19981001,2016,2019,nanjing,baidu,trader,15005136272,lwa@126.net,499akd6mpdc,
MaYuhan,female,19980619,2016,2018,shanghai,apple,officer,15564202974,d2jzy@ask.com,azg073q60,
PingYouran,male,19970612,2017,2019,nanjing,meituan,officer,15052699477,2bsh@126.net,a5ejnvxace,
YangYuxin,male,19970209,2016,2018,taiyuan,adobe,anaylst,15589282396,qiqdhe@yahoo.com,v7jaqv4p,
LiXiaoyi,female,19980419,2017,2018,hongkong,douyin,anaylst,13826149972,792@msn.com,axx4xpri,
JiangLiang,female,19970118,2016,2011,qingdao,douyin,designer,15666479545,v773@yahoo.com,jry1cwfk,
NiuZeyu,male,19970105,2017,2011,nanchang,douyin,manager,15686566298,ky3n4tb@aol.com,urlusyonvia9,
ZhenghongYuze,female,19970802,2017,2019,fuzhou,apple,trader,13713781140,u65@outlook.com,xvc3mw7g0,
HanXiaotong,female,19971024,2017,2011,nanjing,baidu,designer,13467841916,ubss62q@outlook.com,gi8dtd8ql6,
GaoShuxia,female,19980916,2016,2011,hangzhou,alibaba,anaylst,15047706376,sq9@sina.com,4nvfky6wq9,
GaoHaoran,male,19970623,2017,2019,hangzhou,google,anaylst,13169752200,n13e@163.com,l60h4r9jm,
SunZeyu,male,19980307,2017,2019,nanjing,douyin,anaylst,15108766839,iqd02c@outlook.com,nihick56,
GuJuan,male,19970418,2017,2018,guangzhou,xdf,anaylst,15179260421,pjepzb@hotmail.com,gbg9ldsc0ht2,
JiangShiqi,female,19980128,2016,2011,hongkong,douyin,trader,15262224362,kfsp@msn.com,mjvpap7rhvh,
CaoXiaohua,female,19970815,2015,2018,beijing,baidu,designer,13471783159,xqk8lb@msn.com,y39r671m1nc,
ChengYing,male,19970927,2015,2018,hangzhou,adobe,engineer,13821742341,udh@msn.com,q0dcihx51,
PingYuzhe,male,19980708,2017,2011,shanghai,adobe,editor,15819298874,1oka9m@ask.com,rig6cpnxif,
WangHaoran,female,19980520,2017,2011,hangzhou,google,anaylst,13581747304,jze65cs@outlook.com,a08ruuuod,
LvQiang,female,19980913,2015,2018,hangzhou,meituan,anaylst,13861022853,yfwpl@aol.com,vy0djc54zavn,
ZhenghongYi,female,19980921,2016,2019,shijiazhuang,apple,editor,15973712711,il6n6@126.net,ks8lxcuv,
LinHua,male,19971125,2017,2018,shanghai,baidu,manager,15568440568,rkpd68c@outlook.com,c3n34fix,
YuXiaoming,male,19981003,2015,2011,guangzhou,google,developer,15858775553,vpubi@outlook.com,4t4ekxrbnah,
WangDawei,female,19971106,2015,2018,fuzhou,apple,editor,15812779581,8uo6aq3@msn.com,wrsh59qehfv,
ShenLiang,male,19970507,2016,2018,taiyuan,baidu,designer,15795224994,op2me@gmail.com,ho38djtv,
ZhugeXiu,male,19980618,2015,2018,qingdao,alibaba,engineer,13514927022,agxin1z@live.com,9w90h3aov,
XiahouYichen,male,19980824,2016,2019,taiyuan,alibaba,engineer,15847584204,d331h@ask.com,qrkv0hd7dui4,
ZhugeRanran,female,19970326,2015,2019,fuzhou,xdf,anaylst,15923389625,qw6p418@sina.com,0vo45l1f,
QuanYuze,female,19970722,2015,2019,hongkong,baidu,trader,13393723519,mc5n3@sina.com,wpcu40g8,
CaoXiaoyi,female,19981128,2017,2018,qingdao,microsoft,manager,13898986270,tftverp@163.com,rvq6q7of6hn,
GuXingchen,female,19981105,2016,2019,fuzhou,adobe,manager,13722470782,kjzq03@126.net,dug0rxm0wfc1,
HuaHaoran,male,19970806,2016,2018,shijiazhuang,alibaba,anaylst,15152026208,4fz64np@live.com,cc486squqcq,
CaoYuchen,female,19980820,2016,2019,hongkong,google,officer,13499587597,ii634n9@outlook.com,je40gpnvimr,
CaoXiaoming,male,19970518,2016,2018,hangzhou,meituan,manager,15708197128,141yl@126.net,rltiqr3j,
XiahouXingchen,female,19980717,2017,2011,nanchang,xdf,editor,15069853892,sdh@aol.com,znqwvd18qd2u,
GuiKexin,male,19980527,2017,2018,fuzhou,adobe,anaylst,15806638439,fx6@sina.com,fda9wieyk,
ChengJun,female,19981112,2016,2018,beijing,tencent,developer,13903339903,49nwa@hotmail.com,fnowywtl70h,
YuShiqi,male,19980822,2017,2019,shijiazhuang,microsoft,officer,13315421931,yuusgwk@ask.com,64xxkm87z9,
ZhenghongHui,male,19980821,2016,2018,hangzhou,xdf,manager,13091700960,b10iow@msn.com,0thnm1kija,
NiuYuze,female,19970811,2017,2011,zhengzhou,google,manager,13426243928,7drd@sina.com,juvxelos,
JiangHua,female,19981014,2016,2018,shijiazhuang,douyin,officer,15212334092,5s0@aol.com,7kkes959,
MaoXiaoyi,female,19980621,2017,2019,shijiazhuang,adobe,designer,15693924755,yqvd@live.com,8s8yl1pdminx,
QinYinuo,male,19970824,2017,2019,shanghai,alibaba,designer,15058013078,728k@aol.com,25qnaxnh08v,
GaoXuan,female,19970323,2017,2019,fuzhou,apple,trader,15319893316,kyos@qq.com,ooo0jmfx,
LvRanran,female,19980405,2017,2019,guangzhou,douyin,designer,15305466822,mcw2uvl@sohu.com,zpfpqxegx,
HanXiaoyi,female,19970628,2017,2019,nanchang,adobe,editor,13694967519,d7uv@sohu.com,u734a106lx,
YingRanran,male,19980416,2015,2018,beijing,adobe,trader,15305343031,3iu5@msn.com,33svz9rzl,
MengLiyao,male,19981124,2016,2019,hongkong,tencent,trader,15587975063,n71tgk2@yahoo.com,kv0rk3ixud,
LiYing,female,19970903,2015,2018,shanghai,xdf,manager,13472213411,kyhl@outlook.com,4o0qgk3w,
MengXiu,female,19970709,2016,2019,taiyuan,meituan,trader,13118893593,vba7ka7@sina.com,dmo9mgeu,
MaYuxuan,female,19980419,2016,2011,shanghai,apple,trader,15770544981,g7u@163.com,3e2xxw59svvo,
LvYutong,male,19970315,2017,2018,hangzhou,adobe,designer,13154887047,y5lib4@outlook.com,0dh0lwl98r6,
JiangHui,female,19970722,2017,2011,hangzhou,douyin,developer,13211855848,67d@ask.com,7j0t6ekmnge,
GuXiu,male,19980815,2016,2011,hangzhou,meituan,editor,13006049147,x1xt9pz@163.com,47ct58i5a,
ChenXiu,male,19970109,2017,2019,xiamen,baidu,manager,13902057531,b1f@163.com,lk3u13u378kw,
QuanYun,female,19980511,2017,2018,nanchang,douyin,manager,13955628146,1dp@ask.com,v9yl07yhe58,
MengShuxia,male,19970216,2016,2018,fuzhou,tencent,editor,15557456192,f6oksii@126.net,4imfabaji3nm,
QuanZeyu,female,19970511,2015,2018,fuzhou,alibaba,developer,13298914009,24314p@aol.com,la2u11i7b9,
ChenHaishan,female,19980115,2016,2019,qingdao,microsoft,developer,15696853592,78rz6lo@live.com,8hxx527aur,
HanRui,male,19980215,2015,2019,guangzhou,douyin,manager,13238196742,4qa7bb@qq.com,apvs7zp6,
MaoLin,male,19970810,2015,2011,qingdao,meituan,manager,15201373028,y5jh@aol.com,nsetqvhc02yb,
QianDawei,male,19980427,2017,2011,beijing,microsoft,engineer,13966542616,q5v@msn.com,p5dy24p0,
LiuXiaohua,male,19980510,2016,2018,qingdao,tencent,designer,15991314678,d84b@ask.com,wd89xdf3lsv,
QinYuzhe,male,19980218,2017,2019,qingdao,adobe,developer,13570952761,63rpi@sina.com,usua7pioe,
HanLin,female,19970116,2017,2011,qingdao,tencent,engineer,13710198203,dgmfx@163.com,6frqn1g1,
ChengXingchen,male,19970816,2015,2019,hangzhou,douyin,trader,15505899085,ktgfizd@live.com,4kqa2v33t6l,
BaoShuxia,male,19971209,2016,2019,guangzhou,apple,designer,13717996101,z4t8yzj@sina.com,dzj4ghdh12a,
MengXiaofeng,female,19980211,2015,2019,hongkong,xdf,engineer,15710967114,qkyzx4@aol.com,wxtlm8bswmo,
MaYi,female,19970302,2016,2018,beijing,google,engineer,15196164394,5nmwxyr@gmail.com,2w9bvbeo,
DengXiaoming,male,19970710,2017,2018,hongkong,meituan,anaylst,13227194927,kpo@hotmail.com,eyqkzf6v,
QuanHui,male,19980519,2016,2018,taiyuan,baidu,anaylst,15861063457,8twl@yahoo.com,joalrtokikj,
LiYuxin,female,19970902,2015,2019,guangzhou,apple,officer,13473318311,ic832@gmail.com,2kjbvar6t,
XuJuan,female,19980914,2016,2019,shijiazhuang,xdf,trader,13740010221,nu92sdj@live.com,1i6x2f0ka5,
ZhuYuze,male,19970325,2016,2019,xiamen,google,editor,15071646632,1imwxej@aol.com,f66zlbfm2y,
YuXiu,male,19980321,2016,2019,nanjing,tencent,designer,13601514769,cuudx6@163.com,zj7ewbpurpqq,
FengShiqi,female,19970102,2015,2018,qingdao,tencent,designer,13638582157,03bb@gmail.com,25r77hbw,
ShenYue,male,19981111,2017,2019,nanjing,apple,designer,13499977737,tspyr9@msn.com,syva66sjj7,
YuZichen,male,19970321,2016,2011,nanchang,tencent,trader,13342201543,ja1n37d@msn.com,15tc4komd4u4,
MaLei,female,19980318,2016,2019,xiamen,tencent,designer,13967351262,a56dt@126.net,h99ctjqjn08,
ZhaoZichen,female,19980421,2017,2011,zhengzhou,microsoft,engineer,15801731176,6ld@hotmail.com,0y3v3xk3,
ZhouYuxuan,female,19980125,2016,2011,xiamen,alibaba,trader,15337547645,cgg1t@msn.com,pp27t05c,
SunYuxuan,male,19980211,2016,2011,nanjing,alibaba,manager,15258944846,b15k7@msn.com,iu4x021xryf,
ZhaoZeyu,female,19981226,2016,2019,fuzhou,alibaba,designer,13875727238,rex4jsu@126.net,tn1hwamhga,
ChengYue,female,19971021,2015,2018,guangzhou,tencent,designer,15293091803,mysbiu@msn.com,5bfxyhk6hr,
ShenHui,female,19970921,2016,2011,zhengzhou,google,officer,13710051151,00k8@hotmail.com,6cycfdl9a,
HanZeyu,male,19970611,2017,2011,shanghai,adobe,manager,15673234870,aoe5j7@sina.com,8ustkj9a59,
BaoXiaoming,male,19971215,2015,2019,hangzhou,douyin,editor,13535241444,g85@qq.com,e30ji3egiod4,
HuaBao,female,19970211,2015,2011,taiyuan,microsoft,designer,15979201970,jtf6v@gmail.com,g1969aa6,
LvYichen,female,19970317,2017,2018,nanchang,tencent,editor,13733178507,e30a@126.net,f0j72qmcm,
ZhuYue,male,19980202,2017,2019,xiamen,microsoft,manager,13627110817,3tbw3@outlook.com,6g7033nnu,
JiangYue,male,19971015,2015,2018,zhengzhou,google,designer,15522805172,632x4@live.com,scycpfwi9,
HanYuhan,male,19981010,2017,2019,taiyuan,douyin,trader,13251356872,9oa@126.net,n5v7qmsi,
ShenHua,male,19981110,2015,2019,hongkong,alibaba,editor,13607380897,up9bojd@aol.com,v3rzlciaue,
BaoHaoran,male,19970428,2017,2018,zhengzhou,adobe,editor,13708995878,wf5d@qq.com,jjpqn3d4s3ut,
XiahouShiqi,female,19970228,2016,2011,beijing,apple,engineer,15594542158,3iq63vu@gmail.com,r2e8voge5iza,
XiahouYutong,female,19980623,2017,2019,nanchang,tencent,engineer,15952061751,1o7co9p@hotmail.com,rvageywmp7c,
GuiXinyi,female,19980608,2016,2011,nanjing,douyin,officer,13184645477,uq0hdv@gmail.com,lr4xenacb,
YingYichen,male,19980602,2015,2019,taiyuan,baidu,designer,13087623052,3tqt@msn.com,m1hl4dq6581z,
JiangYuhan,female,19970317,2017,2018,fuzhou,alibaba,designer,15718307367,is0f05@yahoo.com,v2sa0z9edb,
ChengHua,female,19970510,2016,2019,hangzhou,douyin,trader,13656849588,04w6@msn.com,uvzu8e7c1s,
ZhengXiaohua,female,19981015,2016,2018,qingdao,google,trader,15069418536,jgyb9@126.net,n1r8eq5ma,
FengZimo,female,19970107,2016,2011,hangzhou,alibaba,developer,13564731699,uc9k@live.com,pnh567w3ei,
LiuYuze,male,19981225,2016,2018,qingdao,baidu,engineer,15756205515,gr8@ask.com,sapqo5eg,
WangZirui,female,19970714,2015,2018,shanghai,google,designer,13024988345,b33x6j@sina.com,d19bg0uwxb1i,
